54,gmw.cn,296B2178FD742AB35AB20C9ADF04D5DFD3D407EB,C5:7D:0F:5D:FC:61:75:16:EF:D3:B9:46:5F:83:DE:4C:D1:59:72:A1:CC:55:E7:C1:35:5C:68:D9:AF:3D:90:65,7B:BD:CD:D8:EB:7D:99:F5:5F:EA:02:45:FC:08:B4:03:31:F8:90:54:6E:43:4E:7E:B4:22:6C:E3:A4:7C:43:C1
54,gmw.cn,3F061400B6FB1F55E7F19BB3C713884D677E55B7,C5:7D:0F:5D:FC:61:75:16:EF:D3:B9:46:5F:83:DE:4C:D1:59:72:A1:CC:55:E7:C1:35:5C:68:D9:AF:3D:90:65,7B:BD:CD:D8:EB:7D:99:F5:5F:EA:02:45:FC:08:B4:03:31:F8:90:54:6E:43:4E:7E:B4:22:6C:E3:A4:7C:43:C1
54,gmw.cn,4D3E45C972701A966F720BF86EA54482A5144AEB,C5:7D:0F:5D:FC:61:75:16:EF:D3:B9:46:5F:83:DE:4C:D1:59:72:A1:CC:55:E7:C1:35:5C:68:D9:AF:3D:90:65,7B:BD:CD:D8:EB:7D:99:F5:5F:EA:02:45:FC:08:B4:03:31:F8:90:54:6E:43:4E:7E:B4:22:6C:E3:A4:7C:43:C1
54,gmw.cn,C92EAF09EB7B2B6D63DB776F7A7C025075765D29,C5:7D:0F:5D:FC:61:75:16:EF:D3:B9:46:5F:83:DE:4C:D1:59:72:A1:CC:55:E7:C1:35:5C:68:D9:AF:3D:90:65,7B:BD:CD:D8:EB:7D:99:F5:5F:EA:02:45:FC:08:B4:03:31:F8:90:54:6E:43:4E:7E:B4:22:6C:E3:A4:7C:43:C1
54,gmw.cn,80EDAE98D66997EEEB690FE0FF845CC835243014,C5:7D:0F:5D:FC:61:75:16:EF:D3:B9:46:5F:83:DE:4C:D1:59:72:A1:CC:55:E7:C1:35:5C:68:D9:AF:3D:90:65,7B:BD:CD:D8:EB:7D:99:F5:5F:EA:02:45:FC:08:B4:03:31:F8:90:54:6E:43:4E:7E:B4:22:6C:E3:A4:7C:43:C1
54,gmw.cn,615ABEA2DE76EB3760BC51E7306BAA59F15CD8F2,C5:7D:0F:5D:FC:61:75:16:EF:D3:B9:46:5F:83:DE:4C:D1:59:72:A1:CC:55:E7:C1:35:5C:68:D9:AF:3D:90:65,7B:BD:CD:D8:EB:7D:99:F5:5F:EA:02:45:FC:08:B4:03:31:F8:90:54:6E:43:4E:7E:B4:22:6C:E3:A4:7C:43:C1
54,gmw.cn,64D500C4D7F989ECD74B42ABB068818EF95525F3,C5:7D:0F:5D:FC:61:75:16:EF:D3:B9:46:5F:83:DE:4C:D1:59:72:A1:CC:55:E7:C1:35:5C:68:D9:AF:3D:90:65,7B:BD:CD:D8:EB:7D:99:F5:5F:EA:02:45:FC:08:B4:03:31:F8:90:54:6E:43:4E:7E:B4:22:6C:E3:A4:7C:43:C1
54,gmw.cn,ED88BC204397095C6E73A0D863CB4D0FF16CBEAF,C5:7D:0F:5D:FC:61:75:16:EF:D3:B9:46:5F:83:DE:4C:D1:59:72:A1:CC:55:E7:C1:35:5C:68:D9:AF:3D:90:65,7B:BD:CD:D8:EB:7D:99:F5:5F:EA:02:45:FC:08:B4:03:31:F8:90:54:6E:43:4E:7E:B4:22:6C:E3:A4:7C:43:C1
54,gmw.cn,03FF94D9E5001DD2290BC3B19FA7F59CE1E30279,C5:7D:0F:5D:FC:61:75:16:EF:D3:B9:46:5F:83:DE:4C:D1:59:72:A1:CC:55:E7:C1:35:5C:68:D9:AF:3D:90:65,7B:BD:CD:D8:EB:7D:99:F5:5F:EA:02:45:FC:08:B4:03:31:F8:90:54:6E:43:4E:7E:B4:22:6C:E3:A4:7C:43:C1
54,gmw.cn,80F2E66AE9EE686B47A775332CF55174EFF28EB4,C5:7D:0F:5D:FC:61:75:16:EF:D3:B9:46:5F:83:DE:4C:D1:59:72:A1:CC:55:E7:C1:35:5C:68:D9:AF:3D:90:65,7B:BD:CD:D8:EB:7D:99:F5:5F:EA:02:45:FC:08:B4:03:31:F8:90:54:6E:43:4E:7E:B4:22:6C:E3:A4:7C:43:C1
54,gmw.cn,BAD729D970BB21759E9A8BA655416C23CFF9535C,C5:7D:0F:5D:FC:61:75:16:EF:D3:B9:46:5F:83:DE:4C:D1:59:72:A1:CC:55:E7:C1:35:5C:68:D9:AF:3D:90:65,7B:BD:CD:D8:EB:7D:99:F5:5F:EA:02:45:FC:08:B4:03:31:F8:90:54:6E:43:4E:7E:B4:22:6C:E3:A4:7C:43:C1
54,gmw.cn,6092F59F96CB1314B4600F15D28C5ED4D426BC91,C5:7D:0F:5D:FC:61:75:16:EF:D3:B9:46:5F:83:DE:4C:D1:59:72:A1:CC:55:E7:C1:35:5C:68:D9:AF:3D:90:65,7B:BD:CD:D8:EB:7D:99:F5:5F:EA:02:45:FC:08:B4:03:31:F8:90:54:6E:43:4E:7E:B4:22:6C:E3:A4:7C:43:C1
54,gmw.cn,3DD8340385CA96B9C1E2BADBEAA2470977F2AD23,C5:7D:0F:5D:FC:61:75:16:EF:D3:B9:46:5F:83:DE:4C:D1:59:72:A1:CC:55:E7:C1:35:5C:68:D9:AF:3D:90:65,7B:BD:CD:D8:EB:7D:99:F5:5F:EA:02:45:FC:08:B4:03:31:F8:90:54:6E:43:4E:7E:B4:22:6C:E3:A4:7C:43:C1
54,gmw.cn,22F74E176F803499D4F80D9CE7D325883A8C0E45,C5:7D:0F:5D:FC:61:75:16:EF:D3:B9:46:5F:83:DE:4C:D1:59:72:A1:CC:55:E7:C1:35:5C:68:D9:AF:3D:90:65,7B:BD:CD:D8:EB:7D:99:F5:5F:EA:02:45:FC:08:B4:03:31:F8:90:54:6E:43:4E:7E:B4:22:6C:E3:A4:7C:43:C1
54,gmw.cn,21954C79058F62F8A3C1EF5E5FC16657F924711C,C5:7D:0F:5D:FC:61:75:16:EF:D3:B9:46:5F:83:DE:4C:D1:59:72:A1:CC:55:E7:C1:35:5C:68:D9:AF:3D:90:65,7B:BD:CD:D8:EB:7D:99:F5:5F:EA:02:45:FC:08:B4:03:31:F8:90:54:6E:43:4E:7E:B4:22:6C:E3:A4:7C:43:C1
54,gmw.cn,0B5E5E70FFEA9C7F9FFD13B8E16916A608F3E9EB,C5:7D:0F:5D:FC:61:75:16:EF:D3:B9:46:5F:83:DE:4C:D1:59:72:A1:CC:55:E7:C1:35:5C:68:D9:AF:3D:90:65,7B:BD:CD:D8:EB:7D:99:F5:5F:EA:02:45:FC:08:B4:03:31:F8:90:54:6E:43:4E:7E:B4:22:6C:E3:A4:7C:43:C1
54,gmw.cn,C974508A98446F36169FB248655BCD50DF17F14C,C5:7D:0F:5D:FC:61:75:16:EF:D3:B9:46:5F:83:DE:4C:D1:59:72:A1:CC:55:E7:C1:35:5C:68:D9:AF:3D:90:65,7B:BD:CD:D8:EB:7D:99:F5:5F:EA:02:45:FC:08:B4:03:31:F8:90:54:6E:43:4E:7E:B4:22:6C:E3:A4:7C:43:C1
54,gmw.cn,18AC299420E36DC0C6C8E3CA6D8E0C9B1A38B932,C5:7D:0F:5D:FC:61:75:16:EF:D3:B9:46:5F:83:DE:4C:D1:59:72:A1:CC:55:E7:C1:35:5C:68:D9:AF:3D:90:65,7B:BD:CD:D8:EB:7D:99:F5:5F:EA:02:45:FC:08:B4:03:31:F8:90:54:6E:43:4E:7E:B4:22:6C:E3:A4:7C:43:C1
54,gmw.cn,44B9D9C24E3C04054AE0A47080CC55461A1AC116,C5:7D:0F:5D:FC:61:75:16:EF:D3:B9:46:5F:83:DE:4C:D1:59:72:A1:CC:55:E7:C1:35:5C:68:D9:AF:3D:90:65,7B:BD:CD:D8:EB:7D:99:F5:5F:EA:02:45:FC:08:B4:03:31:F8:90:54:6E:43:4E:7E:B4:22:6C:E3:A4:7C:43:C1
54,gmw.cn,01C67E0CA8F97111E652C7564CB3204361FFFAB8,C5:7D:0F:5D:FC:61:75:16:EF:D3:B9:46:5F:83:DE:4C:D1:59:72:A1:CC:55:E7:C1:35:5C:68:D9:AF:3D:90:65,7B:BD:CD:D8:EB:7D:99:F5:5F:EA:02:45:FC:08:B4:03:31:F8:90:54:6E:43:4E:7E:B4:22:6C:E3:A4:7C:43:C1
54,gmw.cn,A4DFA7372D9A1A213AC7E45DB65AD36B1B2CCE47,C5:7D:0F:5D:FC:61:75:16:EF:D3:B9:46:5F:83:DE:4C:D1:59:72:A1:CC:55:E7:C1:35:5C:68:D9:AF:3D:90:65,7B:BD:CD:D8:EB:7D:99:F5:5F:EA:02:45:FC:08:B4:03:31:F8:90:54:6E:43:4E:7E:B4:22:6C:E3:A4:7C:43:C1
54,gmw.cn,C656B41AEFB40A141967EBF49D6E69603C9B4A11,C5:7D:0F:5D:FC:61:75:16:EF:D3:B9:46:5F:83:DE:4C:D1:59:72:A1:CC:55:E7:C1:35:5C:68:D9:AF:3D:90:65,7B:BD:CD:D8:EB:7D:99:F5:5F:EA:02:45:FC:08:B4:03:31:F8:90:54:6E:43:4E:7E:B4:22:6C:E3:A4:7C:43:C1
54,gmw.cn,460F2EB956C09933A7E495C800786F11FD6D6336,C5:7D:0F:5D:FC:61:75:16:EF:D3:B9:46:5F:83:DE:4C:D1:59:72:A1:CC:55:E7:C1:35:5C:68:D9:AF:3D:90:65,7B:BD:CD:D8:EB:7D:99:F5:5F:EA:02:45:FC:08:B4:03:31:F8:90:54:6E:43:4E:7E:B4:22:6C:E3:A4:7C:43:C1
54,gmw.cn,6C06DE1ACF07A999C59E506F0E46F08AC57B5190,C5:7D:0F:5D:FC:61:75:16:EF:D3:B9:46:5F:83:DE:4C:D1:59:72:A1:CC:55:E7:C1:35:5C:68:D9:AF:3D:90:65,7B:BD:CD:D8:EB:7D:99:F5:5F:EA:02:45:FC:08:B4:03:31:F8:90:54:6E:43:4E:7E:B4:22:6C:E3:A4:7C:43:C1
54,gmw.cn,EE45B6FE4E20AA7EF979F0D1878E86AB5FE7F7A7,C5:7D:0F:5D:FC:61:75:16:EF:D3:B9:46:5F:83:DE:4C:D1:59:72:A1:CC:55:E7:C1:35:5C:68:D9:AF:3D:90:65,7B:BD:CD:D8:EB:7D:99:F5:5F:EA:02:45:FC:08:B4:03:31:F8:90:54:6E:43:4E:7E:B4:22:6C:E3:A4:7C:43:C1
54,gmw.cn,B01B7973207B1FD2F71D51D1B51B89EE77035CF4,C5:7D:0F:5D:FC:61:75:16:EF:D3:B9:46:5F:83:DE:4C:D1:59:72:A1:CC:55:E7:C1:35:5C:68:D9:AF:3D:90:65,7B:BD:CD:D8:EB:7D:99:F5:5F:EA:02:45:FC:08:B4:03:31:F8:90:54:6E:43:4E:7E:B4:22:6C:E3:A4:7C:43:C1
54,gmw.cn,C936EF88A118014172ADB0AAA1A2BD31E9AF0F85,C5:7D:0F:5D:FC:61:75:16:EF:D3:B9:46:5F:83:DE:4C:D1:59:72:A1:CC:55:E7:C1:35:5C:68:D9:AF:3D:90:65,7B:BD:CD:D8:EB:7D:99:F5:5F:EA:02:45:FC:08:B4:03:31:F8:90:54:6E:43:4E:7E:B4:22:6C:E3:A4:7C:43:C1
54,gmw.cn,98473936F2257E53BB4397382CA53C26C6DA2EA1,C5:7D:0F:5D:FC:61:75:16:EF:D3:B9:46:5F:83:DE:4C:D1:59:72:A1:CC:55:E7:C1:35:5C:68:D9:AF:3D:90:65,7B:BD:CD:D8:EB:7D:99:F5:5F:EA:02:45:FC:08:B4:03:31:F8:90:54:6E:43:4E:7E:B4:22:6C:E3:A4:7C:43:C1
54,gmw.cn,7D5CCD1D8D798779979DF7E0A3A2BFA55D2C24B3,C5:7D:0F:5D:FC:61:75:16:EF:D3:B9:46:5F:83:DE:4C:D1:59:72:A1:CC:55:E7:C1:35:5C:68:D9:AF:3D:90:65,7B:BD:CD:D8:EB:7D:99:F5:5F:EA:02:45:FC:08:B4:03:31:F8:90:54:6E:43:4E:7E:B4:22:6C:E3:A4:7C:43:C1
398,blkget.com,4D3E45C972701A966F720BF86EA54482A5144AEB,D5:80:BD:48:35:84:98:C9:0F:4A:B8:97:E1:F0:A9:86:2A:37:4A:36:8D:C7:5E:C1:C5:59:A9:BB:87:EE:7B:CF,C2:57:95:78:39:B7:14:7B:76:08:9B:EB:58:99:30:FB:E4:1D:3E:7B:D4:F6:C2:F0:35:F3:FE:82:7D:6B:27:FA
398,blkget.com,615ABEA2DE76EB3760BC51E7306BAA59F15CD8F2,D5:80:BD:48:35:84:98:C9:0F:4A:B8:97:E1:F0:A9:86:2A:37:4A:36:8D:C7:5E:C1:C5:59:A9:BB:87:EE:7B:CF,C2:57:95:78:39:B7:14:7B:76:08:9B:EB:58:99:30:FB:E4:1D:3E:7B:D4:F6:C2:F0:35:F3:FE:82:7D:6B:27:FA
398,blkget.com,80EDAE98D66997EEEB690FE0FF845CC835243014,D5:80:BD:48:35:84:98:C9:0F:4A:B8:97:E1:F0:A9:86:2A:37:4A:36:8D:C7:5E:C1:C5:59:A9:BB:87:EE:7B:CF,C2:57:95:78:39:B7:14:7B:76:08:9B:EB:58:99:30:FB:E4:1D:3E:7B:D4:F6:C2:F0:35:F3:FE:82:7D:6B:27:FA
404,sabah.com.tr,4D3E45C972701A966F720BF86EA54482A5144AEB,48:8C:04:6F:1F:5E:4B:74:10:62:F0:77:0E:BC:7E:BA:34:94:DC:82:DE:8A:4C:A2:1A:18:4B:EE:F4:EA:6E:EC,8C:0E:78:9F:C8:67:F7:C6:31:DB:9C:C4:71:66:B4:03:8D:18:2B:D5:53:53:C1:70:B4:08:C3:20:EE:9B:17:EB
404,sabah.com.tr,80EDAE98D66997EEEB690FE0FF845CC835243014,48:8C:04:6F:1F:5E:4B:74:10:62:F0:77:0E:BC:7E:BA:34:94:DC:82:DE:8A:4C:A2:1A:18:4B:EE:F4:EA:6E:EC,8C:0E:78:9F:C8:67:F7:C6:31:DB:9C:C4:71:66:B4:03:8D:18:2B:D5:53:53:C1:70:B4:08:C3:20:EE:9B:17:EB
398,blkget.com,BAD729D970BB21759E9A8BA655416C23CFF9535C,D5:80:BD:48:35:84:98:C9:0F:4A:B8:97:E1:F0:A9:86:2A:37:4A:36:8D:C7:5E:C1:C5:59:A9:BB:87:EE:7B:CF,C2:57:95:78:39:B7:14:7B:76:08:9B:EB:58:99:30:FB:E4:1D:3E:7B:D4:F6:C2:F0:35:F3:FE:82:7D:6B:27:FA
404,sabah.com.tr,615ABEA2DE76EB3760BC51E7306BAA59F15CD8F2,48:8C:04:6F:1F:5E:4B:74:10:62:F0:77:0E:BC:7E:BA:34:94:DC:82:DE:8A:4C:A2:1A:18:4B:EE:F4:EA:6E:EC,8C:0E:78:9F:C8:67:F7:C6:31:DB:9C:C4:71:66:B4:03:8D:18:2B:D5:53:53:C1:70:B4:08:C3:20:EE:9B:17:EB
398,blkget.com,C92EAF09EB7B2B6D63DB776F7A7C025075765D29,D5:80:BD:48:35:84:98:C9:0F:4A:B8:97:E1:F0:A9:86:2A:37:4A:36:8D:C7:5E:C1:C5:59:A9:BB:87:EE:7B:CF,C2:57:95:78:39:B7:14:7B:76:08:9B:EB:58:99:30:FB:E4:1D:3E:7B:D4:F6:C2:F0:35:F3:FE:82:7D:6B:27:FA
398,blkget.com,64D500C4D7F989ECD74B42ABB068818EF95525F3,D5:80:BD:48:35:84:98:C9:0F:4A:B8:97:E1:F0:A9:86:2A:37:4A:36:8D:C7:5E:C1:C5:59:A9:BB:87:EE:7B:CF,C2:57:95:78:39:B7:14:7B:76:08:9B:EB:58:99:30:FB:E4:1D:3E:7B:D4:F6:C2:F0:35:F3:FE:82:7D:6B:27:FA
54,gmw.cn,BA3C74A60F75F55DAFA2230CFE7B3723CF9136B8,C5:7D:0F:5D:FC:61:75:16:EF:D3:B9:46:5F:83:DE:4C:D1:59:72:A1:CC:55:E7:C1:35:5C:68:D9:AF:3D:90:65,7B:BD:CD:D8:EB:7D:99:F5:5F:EA:02:45:FC:08:B4:03:31:F8:90:54:6E:43:4E:7E:B4:22:6C:E3:A4:7C:43:C1
404,sabah.com.tr,C92EAF09EB7B2B6D63DB776F7A7C025075765D29,48:8C:04:6F:1F:5E:4B:74:10:62:F0:77:0E:BC:7E:BA:34:94:DC:82:DE:8A:4C:A2:1A:18:4B:EE:F4:EA:6E:EC,8C:0E:78:9F:C8:67:F7:C6:31:DB:9C:C4:71:66:B4:03:8D:18:2B:D5:53:53:C1:70:B4:08:C3:20:EE:9B:17:EB
404,sabah.com.tr,64D500C4D7F989ECD74B42ABB068818EF95525F3,48:8C:04:6F:1F:5E:4B:74:10:62:F0:77:0E:BC:7E:BA:34:94:DC:82:DE:8A:4C:A2:1A:18:4B:EE:F4:EA:6E:EC,8C:0E:78:9F:C8:67:F7:C6:31:DB:9C:C4:71:66:B4:03:8D:18:2B:D5:53:53:C1:70:B4:08:C3:20:EE:9B:17:EB
54,gmw.cn,27A5FD22519F0AF83927CEF1304EE19484247582,C5:7D:0F:5D:FC:61:75:16:EF:D3:B9:46:5F:83:DE:4C:D1:59:72:A1:CC:55:E7:C1:35:5C:68:D9:AF:3D:90:65,7B:BD:CD:D8:EB:7D:99:F5:5F:EA:02:45:FC:08:B4:03:31:F8:90:54:6E:43:4E:7E:B4:22:6C:E3:A4:7C:43:C1
398,blkget.com,3F061400B6FB1F55E7F19BB3C713884D677E55B7,D5:80:BD:48:35:84:98:C9:0F:4A:B8:97:E1:F0:A9:86:2A:37:4A:36:8D:C7:5E:C1:C5:59:A9:BB:87:EE:7B:CF,C2:57:95:78:39:B7:14:7B:76:08:9B:EB:58:99:30:FB:E4:1D:3E:7B:D4:F6:C2:F0:35:F3:FE:82:7D:6B:27:FA
398,blkget.com,3DD8340385CA96B9C1E2BADBEAA2470977F2AD23,D5:80:BD:48:35:84:98:C9:0F:4A:B8:97:E1:F0:A9:86:2A:37:4A:36:8D:C7:5E:C1:C5:59:A9:BB:87:EE:7B:CF,C2:57:95:78:39:B7:14:7B:76:08:9B:EB:58:99:30:FB:E4:1D:3E:7B:D4:F6:C2:F0:35:F3:FE:82:7D:6B:27:FA
54,gmw.cn,E70972F8229623017581044BB10B2CEE1B7EB158,C5:7D:0F:5D:FC:61:75:16:EF:D3:B9:46:5F:83:DE:4C:D1:59:72:A1:CC:55:E7:C1:35:5C:68:D9:AF:3D:90:65,7B:BD:CD:D8:EB:7D:99:F5:5F:EA:02:45:FC:08:B4:03:31:F8:90:54:6E:43:4E:7E:B4:22:6C:E3:A4:7C:43:C1
404,sabah.com.tr,3F061400B6FB1F55E7F19BB3C713884D677E55B7,48:8C:04:6F:1F:5E:4B:74:10:62:F0:77:0E:BC:7E:BA:34:94:DC:82:DE:8A:4C:A2:1A:18:4B:EE:F4:EA:6E:EC,8C:0E:78:9F:C8:67:F7:C6:31:DB:9C:C4:71:66:B4:03:8D:18:2B:D5:53:53:C1:70:B4:08:C3:20:EE:9B:17:EB
404,sabah.com.tr,3DD8340385CA96B9C1E2BADBEAA2470977F2AD23,48:8C:04:6F:1F:5E:4B:74:10:62:F0:77:0E:BC:7E:BA:34:94:DC:82:DE:8A:4C:A2:1A:18:4B:EE:F4:EA:6E:EC,8C:0E:78:9F:C8:67:F7:C6:31:DB:9C:C4:71:66:B4:03:8D:18:2B:D5:53:53:C1:70:B4:08:C3:20:EE:9B:17:EB
54,gmw.cn,8F5FDE32ACFC69C15016F6DEB58C7A766BB1AA9B,C5:7D:0F:5D:FC:61:75:16:EF:D3:B9:46:5F:83:DE:4C:D1:59:72:A1:CC:55:E7:C1:35:5C:68:D9:AF:3D:90:65,7B:BD:CD:D8:EB:7D:99:F5:5F:EA:02:45:FC:08:B4:03:31:F8:90:54:6E:43:4E:7E:B4:22:6C:E3:A4:7C:43:C1
398,blkget.com,C974508A98446F36169FB248655BCD50DF17F14C,D5:80:BD:48:35:84:98:C9:0F:4A:B8:97:E1:F0:A9:86:2A:37:4A:36:8D:C7:5E:C1:C5:59:A9:BB:87:EE:7B:CF,C2:57:95:78:39:B7:14:7B:76:08:9B:EB:58:99:30:FB:E4:1D:3E:7B:D4:F6:C2:F0:35:F3:FE:82:7D:6B:27:FA
54,gmw.cn,BEED64845B7199B0A16780F7A5E4B49A77CD5C98,C5:7D:0F:5D:FC:61:75:16:EF:D3:B9:46:5F:83:DE:4C:D1:59:72:A1:CC:55:E7:C1:35:5C:68:D9:AF:3D:90:65,7B:BD:CD:D8:EB:7D:99:F5:5F:EA:02:45:FC:08:B4:03:31:F8:90:54:6E:43:4E:7E:B4:22:6C:E3:A4:7C:43:C1
54,gmw.cn,F1BE15429B3CE696D6807F4D4A58B1BFEC45C822,C5:7D:0F:5D:FC:61:75:16:EF:D3:B9:46:5F:83:DE:4C:D1:59:72:A1:CC:55:E7:C1:35:5C:68:D9:AF:3D:90:65,7B:BD:CD:D8:EB:7D:99:F5:5F:EA:02:45:FC:08:B4:03:31:F8:90:54:6E:43:4E:7E:B4:22:6C:E3:A4:7C:43:C1
404,sabah.com.tr,C974508A98446F36169FB248655BCD50DF17F14C,48:8C:04:6F:1F:5E:4B:74:10:62:F0:77:0E:BC:7E:BA:34:94:DC:82:DE:8A:4C:A2:1A:18:4B:EE:F4:EA:6E:EC,8C:0E:78:9F:C8:67:F7:C6:31:DB:9C:C4:71:66:B4:03:8D:18:2B:D5:53:53:C1:70:B4:08:C3:20:EE:9B:17:EB
54,gmw.cn,D71B1CA1C9DC7E8CA64158E106AD770A21160FEE,C5:7D:0F:5D:FC:61:75:16:EF:D3:B9:46:5F:83:DE:4C:D1:59:72:A1:CC:55:E7:C1:35:5C:68:D9:AF:3D:90:65,7B:BD:CD:D8:EB:7D:99:F5:5F:EA:02:45:FC:08:B4:03:31:F8:90:54:6E:43:4E:7E:B4:22:6C:E3:A4:7C:43:C1
54,gmw.cn,5D57CDD226A16F2D9509064B0710AA93E52777E6,C5:7D:0F:5D:FC:61:75:16:EF:D3:B9:46:5F:83:DE:4C:D1:59:72:A1:CC:55:E7:C1:35:5C:68:D9:AF:3D:90:65,7B:BD:CD:D8:EB:7D:99:F5:5F:EA:02:45:FC:08:B4:03:31:F8:90:54:6E:43:4E:7E:B4:22:6C:E3:A4:7C:43:C1
54,gmw.cn,78EBA3F8933A0F596B43A7DBD794C5630F5B587D,C5:7D:0F:5D:FC:61:75:16:EF:D3:B9:46:5F:83:DE:4C:D1:59:72:A1:CC:55:E7:C1:35:5C:68:D9:AF:3D:90:65,7B:BD:CD:D8:EB:7D:99:F5:5F:EA:02:45:FC:08:B4:03:31:F8:90:54:6E:43:4E:7E:B4:22:6C:E3:A4:7C:43:C1
398,blkget.com,44B9D9C24E3C04054AE0A47080CC55461A1AC116,D5:80:BD:48:35:84:98:C9:0F:4A:B8:97:E1:F0:A9:86:2A:37:4A:36:8D:C7:5E:C1:C5:59:A9:BB:87:EE:7B:CF,C2:57:95:78:39:B7:14:7B:76:08:9B:EB:58:99:30:FB:E4:1D:3E:7B:D4:F6:C2:F0:35:F3:FE:82:7D:6B:27:FA
494,kooora.com,C92EAF09EB7B2B6D63DB776F7A7C025075765D29,29:20:09:EE:C1:0D:A7:12:FF:5C:71:34:0A:E4:70:90:3C:33:15:89:83:FB:85:B9:D4:2D:F4:94:D1:80:D2:C1,73:66:5F:0F:7D:FB:12:B3:17:85:87:60:07:4B:B7:A4:A4:4B:D2:F8:D8:BC:5E:1E:5E:DA:92:D5:47:C5:FE:B0
494,kooora.com,615ABEA2DE76EB3760BC51E7306BAA59F15CD8F2,29:20:09:EE:C1:0D:A7:12:FF:5C:71:34:0A:E4:70:90:3C:33:15:89:83:FB:85:B9:D4:2D:F4:94:D1:80:D2:C1,73:66:5F:0F:7D:FB:12:B3:17:85:87:60:07:4B:B7:A4:A4:4B:D2:F8:D8:BC:5E:1E:5E:DA:92:D5:47:C5:FE:B0
54,gmw.cn,9BA84E8C90083676F86C7427C8D105925F13716C,C5:7D:0F:5D:FC:61:75:16:EF:D3:B9:46:5F:83:DE:4C:D1:59:72:A1:CC:55:E7:C1:35:5C:68:D9:AF:3D:90:65,7B:BD:CD:D8:EB:7D:99:F5:5F:EA:02:45:FC:08:B4:03:31:F8:90:54:6E:43:4E:7E:B4:22:6C:E3:A4:7C:43:C1
494,kooora.com,4D3E45C972701A966F720BF86EA54482A5144AEB,29:20:09:EE:C1:0D:A7:12:FF:5C:71:34:0A:E4:70:90:3C:33:15:89:83:FB:85:B9:D4:2D:F4:94:D1:80:D2:C1,73:66:5F:0F:7D:FB:12:B3:17:85:87:60:07:4B:B7:A4:A4:4B:D2:F8:D8:BC:5E:1E:5E:DA:92:D5:47:C5:FE:B0
404,sabah.com.tr,44B9D9C24E3C04054AE0A47080CC55461A1AC116,48:8C:04:6F:1F:5E:4B:74:10:62:F0:77:0E:BC:7E:BA:34:94:DC:82:DE:8A:4C:A2:1A:18:4B:EE:F4:EA:6E:EC,8C:0E:78:9F:C8:67:F7:C6:31:DB:9C:C4:71:66:B4:03:8D:18:2B:D5:53:53:C1:70:B4:08:C3:20:EE:9B:17:EB
494,kooora.com,80EDAE98D66997EEEB690FE0FF845CC835243014,29:20:09:EE:C1:0D:A7:12:FF:5C:71:34:0A:E4:70:90:3C:33:15:89:83:FB:85:B9:D4:2D:F4:94:D1:80:D2:C1,73:66:5F:0F:7D:FB:12:B3:17:85:87:60:07:4B:B7:A4:A4:4B:D2:F8:D8:BC:5E:1E:5E:DA:92:D5:47:C5:FE:B0
494,kooora.com,BAD729D970BB21759E9A8BA655416C23CFF9535C,29:20:09:EE:C1:0D:A7:12:FF:5C:71:34:0A:E4:70:90:3C:33:15:89:83:FB:85:B9:D4:2D:F4:94:D1:80:D2:C1,73:66:5F:0F:7D:FB:12:B3:17:85:87:60:07:4B:B7:A4:A4:4B:D2:F8:D8:BC:5E:1E:5E:DA:92:D5:47:C5:FE:B0
494,kooora.com,64D500C4D7F989ECD74B42ABB068818EF95525F3,29:20:09:EE:C1:0D:A7:12:FF:5C:71:34:0A:E4:70:90:3C:33:15:89:83:FB:85:B9:D4:2D:F4:94:D1:80:D2:C1,73:66:5F:0F:7D:FB:12:B3:17:85:87:60:07:4B:B7:A4:A4:4B:D2:F8:D8:BC:5E:1E:5E:DA:92:D5:47:C5:FE:B0
54,gmw.cn,E4C42A96CED0B96BA354A2B0FDC171C36E19303E,C5:7D:0F:5D:FC:61:75:16:EF:D3:B9:46:5F:83:DE:4C:D1:59:72:A1:CC:55:E7:C1:35:5C:68:D9:AF:3D:90:65,7B:BD:CD:D8:EB:7D:99:F5:5F:EA:02:45:FC:08:B4:03:31:F8:90:54:6E:43:4E:7E:B4:22:6C:E3:A4:7C:43:C1
54,gmw.cn,7EEB8E2BF7B6AC63B3159810CDABCFF8D049E6CF,C5:7D:0F:5D:FC:61:75:16:EF:D3:B9:46:5F:83:DE:4C:D1:59:72:A1:CC:55:E7:C1:35:5C:68:D9:AF:3D:90:65,7B:BD:CD:D8:EB:7D:99:F5:5F:EA:02:45:FC:08:B4:03:31:F8:90:54:6E:43:4E:7E:B4:22:6C:E3:A4:7C:43:C1
494,kooora.com,3DD8340385CA96B9C1E2BADBEAA2470977F2AD23,29:20:09:EE:C1:0D:A7:12:FF:5C:71:34:0A:E4:70:90:3C:33:15:89:83:FB:85:B9:D4:2D:F4:94:D1:80:D2:C1,73:66:5F:0F:7D:FB:12:B3:17:85:87:60:07:4B:B7:A4:A4:4B:D2:F8:D8:BC:5E:1E:5E:DA:92:D5:47:C5:FE:B0
398,blkget.com,21954C79058F62F8A3C1EF5E5FC16657F924711C,D5:80:BD:48:35:84:98:C9:0F:4A:B8:97:E1:F0:A9:86:2A:37:4A:36:8D:C7:5E:C1:C5:59:A9:BB:87:EE:7B:CF,C2:57:95:78:39:B7:14:7B:76:08:9B:EB:58:99:30:FB:E4:1D:3E:7B:D4:F6:C2:F0:35:F3:FE:82:7D:6B:27:FA
398,blkget.com,0B5E5E70FFEA9C7F9FFD13B8E16916A608F3E9EB,D5:80:BD:48:35:84:98:C9:0F:4A:B8:97:E1:F0:A9:86:2A:37:4A:36:8D:C7:5E:C1:C5:59:A9:BB:87:EE:7B:CF,C2:57:95:78:39:B7:14:7B:76:08:9B:EB:58:99:30:FB:E4:1D:3E:7B:D4:F6:C2:F0:35:F3:FE:82:7D:6B:27:FA
54,gmw.cn,3DE567C1350C0E858C6147AECB06EA9B3EAF3261,C5:7D:0F:5D:FC:61:75:16:EF:D3:B9:46:5F:83:DE:4C:D1:59:72:A1:CC:55:E7:C1:35:5C:68:D9:AF:3D:90:65,7B:BD:CD:D8:EB:7D:99:F5:5F:EA:02:45:FC:08:B4:03:31:F8:90:54:6E:43:4E:7E:B4:22:6C:E3:A4:7C:43:C1
398,blkget.com,D86A960F886A64A3C807CE9EC7982A8FC76405B2,D5:80:BD:48:35:84:98:C9:0F:4A:B8:97:E1:F0:A9:86:2A:37:4A:36:8D:C7:5E:C1:C5:59:A9:BB:87:EE:7B:CF,C2:57:95:78:39:B7:14:7B:76:08:9B:EB:58:99:30:FB:E4:1D:3E:7B:D4:F6:C2:F0:35:F3:FE:82:7D:6B:27:FA
494,kooora.com,C974508A98446F36169FB248655BCD50DF17F14C,29:20:09:EE:C1:0D:A7:12:FF:5C:71:34:0A:E4:70:90:3C:33:15:89:83:FB:85:B9:D4:2D:F4:94:D1:80:D2:C1,73:66:5F:0F:7D:FB:12:B3:17:85:87:60:07:4B:B7:A4:A4:4B:D2:F8:D8:BC:5E:1E:5E:DA:92:D5:47:C5:FE:B0
404,sabah.com.tr,21954C79058F62F8A3C1EF5E5FC16657F924711C,48:8C:04:6F:1F:5E:4B:74:10:62:F0:77:0E:BC:7E:BA:34:94:DC:82:DE:8A:4C:A2:1A:18:4B:EE:F4:EA:6E:EC,8C:0E:78:9F:C8:67:F7:C6:31:DB:9C:C4:71:66:B4:03:8D:18:2B:D5:53:53:C1:70:B4:08:C3:20:EE:9B:17:EB
404,sabah.com.tr,0B5E5E70FFEA9C7F9FFD13B8E16916A608F3E9EB,48:8C:04:6F:1F:5E:4B:74:10:62:F0:77:0E:BC:7E:BA:34:94:DC:82:DE:8A:4C:A2:1A:18:4B:EE:F4:EA:6E:EC,8C:0E:78:9F:C8:67:F7:C6:31:DB:9C:C4:71:66:B4:03:8D:18:2B:D5:53:53:C1:70:B4:08:C3:20:EE:9B:17:EB
404,sabah.com.tr,D86A960F886A64A3C807CE9EC7982A8FC76405B2,48:8C:04:6F:1F:5E:4B:74:10:62:F0:77:0E:BC:7E:BA:34:94:DC:82:DE:8A:4C:A2:1A:18:4B:EE:F4:EA:6E:EC,8C:0E:78:9F:C8:67:F7:C6:31:DB:9C:C4:71:66:B4:03:8D:18:2B:D5:53:53:C1:70:B4:08:C3:20:EE:9B:17:EB
54,gmw.cn,37103DBFAB22FF01E9F6C0086A1BE3305BF9747D,C5:7D:0F:5D:FC:61:75:16:EF:D3:B9:46:5F:83:DE:4C:D1:59:72:A1:CC:55:E7:C1:35:5C:68:D9:AF:3D:90:65,7B:BD:CD:D8:EB:7D:99:F5:5F:EA:02:45:FC:08:B4:03:31:F8:90:54:6E:43:4E:7E:B4:22:6C:E3:A4:7C:43:C1
54,gmw.cn,62652D3DB1D8CD7873E01BB4089545BE0567DE80,C5:7D:0F:5D:FC:61:75:16:EF:D3:B9:46:5F:83:DE:4C:D1:59:72:A1:CC:55:E7:C1:35:5C:68:D9:AF:3D:90:65,7B:BD:CD:D8:EB:7D:99:F5:5F:EA:02:45:FC:08:B4:03:31:F8:90:54:6E:43:4E:7E:B4:22:6C:E3:A4:7C:43:C1
494,kooora.com,3F061400B6FB1F55E7F19BB3C713884D677E55B7,29:20:09:EE:C1:0D:A7:12:FF:5C:71:34:0A:E4:70:90:3C:33:15:89:83:FB:85:B9:D4:2D:F4:94:D1:80:D2:C1,73:66:5F:0F:7D:FB:12:B3:17:85:87:60:07:4B:B7:A4:A4:4B:D2:F8:D8:BC:5E:1E:5E:DA:92:D5:47:C5:FE:B0
54,gmw.cn,69DF3CDA1CDA460C17ECAD9D6F0C117A42384FA0,C5:7D:0F:5D:FC:61:75:16:EF:D3:B9:46:5F:83:DE:4C:D1:59:72:A1:CC:55:E7:C1:35:5C:68:D9:AF:3D:90:65,7B:BD:CD:D8:EB:7D:99:F5:5F:EA:02:45:FC:08:B4:03:31:F8:90:54:6E:43:4E:7E:B4:22:6C:E3:A4:7C:43:C1
54,gmw.cn,FDA11F5CEE351E9B0FF6BF80503ABB7AB321E65E,C5:7D:0F:5D:FC:61:75:16:EF:D3:B9:46:5F:83:DE:4C:D1:59:72:A1:CC:55:E7:C1:35:5C:68:D9:AF:3D:90:65,7B:BD:CD:D8:EB:7D:99:F5:5F:EA:02:45:FC:08:B4:03:31:F8:90:54:6E:43:4E:7E:B4:22:6C:E3:A4:7C:43:C1
398,blkget.com,A4DFA7372D9A1A213AC7E45DB65AD36B1B2CCE47,D5:80:BD:48:35:84:98:C9:0F:4A:B8:97:E1:F0:A9:86:2A:37:4A:36:8D:C7:5E:C1:C5:59:A9:BB:87:EE:7B:CF,C2:57:95:78:39:B7:14:7B:76:08:9B:EB:58:99:30:FB:E4:1D:3E:7B:D4:F6:C2:F0:35:F3:FE:82:7D:6B:27:FA
404,sabah.com.tr,A4DFA7372D9A1A213AC7E45DB65AD36B1B2CCE47,48:8C:04:6F:1F:5E:4B:74:10:62:F0:77:0E:BC:7E:BA:34:94:DC:82:DE:8A:4C:A2:1A:18:4B:EE:F4:EA:6E:EC,8C:0E:78:9F:C8:67:F7:C6:31:DB:9C:C4:71:66:B4:03:8D:18:2B:D5:53:53:C1:70:B4:08:C3:20:EE:9B:17:EB
398,blkget.com,03FF94D9E5001DD2290BC3B19FA7F59CE1E30279,D5:80:BD:48:35:84:98:C9:0F:4A:B8:97:E1:F0:A9:86:2A:37:4A:36:8D:C7:5E:C1:C5:59:A9:BB:87:EE:7B:CF,C2:57:95:78:39:B7:14:7B:76:08:9B:EB:58:99:30:FB:E4:1D:3E:7B:D4:F6:C2:F0:35:F3:FE:82:7D:6B:27:FA
54,gmw.cn,E3FBB96DCB71DA2BCCBFDFAAE00CC7EFD19E4A62,C5:7D:0F:5D:FC:61:75:16:EF:D3:B9:46:5F:83:DE:4C:D1:59:72:A1:CC:55:E7:C1:35:5C:68:D9:AF:3D:90:65,7B:BD:CD:D8:EB:7D:99:F5:5F:EA:02:45:FC:08:B4:03:31:F8:90:54:6E:43:4E:7E:B4:22:6C:E3:A4:7C:43:C1
54,gmw.cn,05FFA39D71DA116F7669EA4EE53A0BAEA315BA7F,C5:7D:0F:5D:FC:61:75:16:EF:D3:B9:46:5F:83:DE:4C:D1:59:72:A1:CC:55:E7:C1:35:5C:68:D9:AF:3D:90:65,7B:BD:CD:D8:EB:7D:99:F5:5F:EA:02:45:FC:08:B4:03:31:F8:90:54:6E:43:4E:7E:B4:22:6C:E3:A4:7C:43:C1
494,kooora.com,44B9D9C24E3C04054AE0A47080CC55461A1AC116,29:20:09:EE:C1:0D:A7:12:FF:5C:71:34:0A:E4:70:90:3C:33:15:89:83:FB:85:B9:D4:2D:F4:94:D1:80:D2:C1,73:66:5F:0F:7D:FB:12:B3:17:85:87:60:07:4B:B7:A4:A4:4B:D2:F8:D8:BC:5E:1E:5E:DA:92:D5:47:C5:FE:B0
583,so-net.ne.jp,C92EAF09EB7B2B6D63DB776F7A7C025075765D29,55:74:60:C5:E3:75:0E:74:DC:B5:4E:BD:0D:E8:96:3D:8E:A1:49:D2:7D:6E:16:73:57:EE:B1:C2:D8:9E:99:BA,D1:CA:FA:18:F6:EA:18:38:13:3B:DD:F5:C0:10:05:D3:4B:82:A9:6A:6A:61:89:F5:C5:90:86:2C:E1:38:CD:19
494,kooora.com,D86A960F886A64A3C807CE9EC7982A8FC76405B2,29:20:09:EE:C1:0D:A7:12:FF:5C:71:34:0A:E4:70:90:3C:33:15:89:83:FB:85:B9:D4:2D:F4:94:D1:80:D2:C1,73:66:5F:0F:7D:FB:12:B3:17:85:87:60:07:4B:B7:A4:A4:4B:D2:F8:D8:BC:5E:1E:5E:DA:92:D5:47:C5:FE:B0
583,so-net.ne.jp,3DD8340385CA96B9C1E2BADBEAA2470977F2AD23,55:74:60:C5:E3:75:0E:74:DC:B5:4E:BD:0D:E8:96:3D:8E:A1:49:D2:7D:6E:16:73:57:EE:B1:C2:D8:9E:99:BA,49:D2:FB:32:8F:8D:57:42:8B:11:82:3F:4F:C4:90:A4:97:11:AD:A4:9F:5D:A5:1C:5A:FB:02:E5:D5:B1:F2:2C
583,so-net.ne.jp,BAD729D970BB21759E9A8BA655416C23CFF9535C,55:74:60:C5:E3:75:0E:74:DC:B5:4E:BD:0D:E8:96:3D:8E:A1:49:D2:7D:6E:16:73:57:EE:B1:C2:D8:9E:99:BA,89:EA:3B:39:0B:A9:19:27:36:44:41:9A:A4:28:4F:D4:85:B2:C5:59:84:D8:DD:78:E3:53:50:2B:35:01:0E:A0
583,so-net.ne.jp,C974508A98446F36169FB248655BCD50DF17F14C,55:74:60:C5:E3:75:0E:74:DC:B5:4E:BD:0D:E8:96:3D:8E:A1:49:D2:7D:6E:16:73:57:EE:B1:C2:D8:9E:99:BA,D1:CA:FA:18:F6:EA:18:38:13:3B:DD:F5:C0:10:05:D3:4B:82:A9:6A:6A:61:89:F5:C5:90:86:2C:E1:38:CD:19
583,so-net.ne.jp,615ABEA2DE76EB3760BC51E7306BAA59F15CD8F2,55:74:60:C5:E3:75:0E:74:DC:B5:4E:BD:0D:E8:96:3D:8E:A1:49:D2:7D:6E:16:73:57:EE:B1:C2:D8:9E:99:BA,89:EA:3B:39:0B:A9:19:27:36:44:41:9A:A4:28:4F:D4:85:B2:C5:59:84:D8:DD:78:E3:53:50:2B:35:01:0E:A0
398,blkget.com,22F74E176F803499D4F80D9CE7D325883A8C0E45,D5:80:BD:48:35:84:98:C9:0F:4A:B8:97:E1:F0:A9:86:2A:37:4A:36:8D:C7:5E:C1:C5:59:A9:BB:87:EE:7B:CF,C2:57:95:78:39:B7:14:7B:76:08:9B:EB:58:99:30:FB:E4:1D:3E:7B:D4:F6:C2:F0:35:F3:FE:82:7D:6B:27:FA
583,so-net.ne.jp,80EDAE98D66997EEEB690FE0FF845CC835243014,55:74:60:C5:E3:75:0E:74:DC:B5:4E:BD:0D:E8:96:3D:8E:A1:49:D2:7D:6E:16:73:57:EE:B1:C2:D8:9E:99:BA,89:EA:3B:39:0B:A9:19:27:36:44:41:9A:A4:28:4F:D4:85:B2:C5:59:84:D8:DD:78:E3:53:50:2B:35:01:0E:A0
583,so-net.ne.jp,64D500C4D7F989ECD74B42ABB068818EF95525F3,55:74:60:C5:E3:75:0E:74:DC:B5:4E:BD:0D:E8:96:3D:8E:A1:49:D2:7D:6E:16:73:57:EE:B1:C2:D8:9E:99:BA,89:EA:3B:39:0B:A9:19:27:36:44:41:9A:A4:28:4F:D4:85:B2:C5:59:84:D8:DD:78:E3:53:50:2B:35:01:0E:A0
583,so-net.ne.jp,4D3E45C972701A966F720BF86EA54482A5144AEB,55:74:60:C5:E3:75:0E:74:DC:B5:4E:BD:0D:E8:96:3D:8E:A1:49:D2:7D:6E:16:73:57:EE:B1:C2:D8:9E:99:BA,D1:CA:FA:18:F6:EA:18:38:13:3B:DD:F5:C0:10:05:D3:4B:82:A9:6A:6A:61:89:F5:C5:90:86:2C:E1:38:CD:19
404,sabah.com.tr,22F74E176F803499D4F80D9CE7D325883A8C0E45,48:8C:04:6F:1F:5E:4B:74:10:62:F0:77:0E:BC:7E:BA:34:94:DC:82:DE:8A:4C:A2:1A:18:4B:EE:F4:EA:6E:EC,8C:0E:78:9F:C8:67:F7:C6:31:DB:9C:C4:71:66:B4:03:8D:18:2B:D5:53:53:C1:70:B4:08:C3:20:EE:9B:17:EB
398,blkget.com,01C67E0CA8F97111E652C7564CB3204361FFFAB8,D5:80:BD:48:35:84:98:C9:0F:4A:B8:97:E1:F0:A9:86:2A:37:4A:36:8D:C7:5E:C1:C5:59:A9:BB:87:EE:7B:CF,C2:57:95:78:39:B7:14:7B:76:08:9B:EB:58:99:30:FB:E4:1D:3E:7B:D4:F6:C2:F0:35:F3:FE:82:7D:6B:27:FA
398,blkget.com,C656B41AEFB40A141967EBF49D6E69603C9B4A11,D5:80:BD:48:35:84:98:C9:0F:4A:B8:97:E1:F0:A9:86:2A:37:4A:36:8D:C7:5E:C1:C5:59:A9:BB:87:EE:7B:CF,C2:57:95:78:39:B7:14:7B:76:08:9B:EB:58:99:30:FB:E4:1D:3E:7B:D4:F6:C2:F0:35:F3:FE:82:7D:6B:27:FA
54,gmw.cn,4061C553CA88021B8302F0814365070AAE617270,C5:7D:0F:5D:FC:61:75:16:EF:D3:B9:46:5F:83:DE:4C:D1:59:72:A1:CC:55:E7:C1:35:5C:68:D9:AF:3D:90:65,7B:BD:CD:D8:EB:7D:99:F5:5F:EA:02:45:FC:08:B4:03:31:F8:90:54:6E:43:4E:7E:B4:22:6C:E3:A4:7C:43:C1
404,sabah.com.tr,01C67E0CA8F97111E652C7564CB3204361FFFAB8,48:8C:04:6F:1F:5E:4B:74:10:62:F0:77:0E:BC:7E:BA:34:94:DC:82:DE:8A:4C:A2:1A:18:4B:EE:F4:EA:6E:EC,8C:0E:78:9F:C8:67:F7:C6:31:DB:9C:C4:71:66:B4:03:8D:18:2B:D5:53:53:C1:70:B4:08:C3:20:EE:9B:17:EB
398,blkget.com,EE45B6FE4E20AA7EF979F0D1878E86AB5FE7F7A7,D5:80:BD:48:35:84:98:C9:0F:4A:B8:97:E1:F0:A9:86:2A:37:4A:36:8D:C7:5E:C1:C5:59:A9:BB:87:EE:7B:CF,C2:57:95:78:39:B7:14:7B:76:08:9B:EB:58:99:30:FB:E4:1D:3E:7B:D4:F6:C2:F0:35:F3:FE:82:7D:6B:27:FA
54,gmw.cn,8D152EFAEDCB0C3B6BE29234C292F663ED413760,C5:7D:0F:5D:FC:61:75:16:EF:D3:B9:46:5F:83:DE:4C:D1:59:72:A1:CC:55:E7:C1:35:5C:68:D9:AF:3D:90:65,7B:BD:CD:D8:EB:7D:99:F5:5F:EA:02:45:FC:08:B4:03:31:F8:90:54:6E:43:4E:7E:B4:22:6C:E3:A4:7C:43:C1
54,gmw.cn,2B88AAD2E601E56E5EAE82BEC38AAB0CA6EF2283,C5:7D:0F:5D:FC:61:75:16:EF:D3:B9:46:5F:83:DE:4C:D1:59:72:A1:CC:55:E7:C1:35:5C:68:D9:AF:3D:90:65,7B:BD:CD:D8:EB:7D:99:F5:5F:EA:02:45:FC:08:B4:03:31:F8:90:54:6E:43:4E:7E:B4:22:6C:E3:A4:7C:43:C1
494,kooora.com,21954C79058F62F8A3C1EF5E5FC16657F924711C,29:20:09:EE:C1:0D:A7:12:FF:5C:71:34:0A:E4:70:90:3C:33:15:89:83:FB:85:B9:D4:2D:F4:94:D1:80:D2:C1,73:66:5F:0F:7D:FB:12:B3:17:85:87:60:07:4B:B7:A4:A4:4B:D2:F8:D8:BC:5E:1E:5E:DA:92:D5:47:C5:FE:B0
494,kooora.com,0B5E5E70FFEA9C7F9FFD13B8E16916A608F3E9EB,29:20:09:EE:C1:0D:A7:12:FF:5C:71:34:0A:E4:70:90:3C:33:15:89:83:FB:85:B9:D4:2D:F4:94:D1:80:D2:C1,73:66:5F:0F:7D:FB:12:B3:17:85:87:60:07:4B:B7:A4:A4:4B:D2:F8:D8:BC:5E:1E:5E:DA:92:D5:47:C5:FE:B0
404,sabah.com.tr,C656B41AEFB40A141967EBF49D6E69603C9B4A11,48:8C:04:6F:1F:5E:4B:74:10:62:F0:77:0E:BC:7E:BA:34:94:DC:82:DE:8A:4C:A2:1A:18:4B:EE:F4:EA:6E:EC,8C:0E:78:9F:C8:67:F7:C6:31:DB:9C:C4:71:66:B4:03:8D:18:2B:D5:53:53:C1:70:B4:08:C3:20:EE:9B:17:EB
54,gmw.cn,BF6379111EC2C29C104ED0239D5709D08BC3B9EB,C5:7D:0F:5D:FC:61:75:16:EF:D3:B9:46:5F:83:DE:4C:D1:59:72:A1:CC:55:E7:C1:35:5C:68:D9:AF:3D:90:65,7B:BD:CD:D8:EB:7D:99:F5:5F:EA:02:45:FC:08:B4:03:31:F8:90:54:6E:43:4E:7E:B4:22:6C:E3:A4:7C:43:C1
54,gmw.cn,ED9CDCF0D11D47E822665DD67EB80D7CE15AA28B,C5:7D:0F:5D:FC:61:75:16:EF:D3:B9:46:5F:83:DE:4C:D1:59:72:A1:CC:55:E7:C1:35:5C:68:D9:AF:3D:90:65,7B:BD:CD:D8:EB:7D:99:F5:5F:EA:02:45:FC:08:B4:03:31:F8:90:54:6E:43:4E:7E:B4:22:6C:E3:A4:7C:43:C1
404,sabah.com.tr,EE45B6FE4E20AA7EF979F0D1878E86AB5FE7F7A7,48:8C:04:6F:1F:5E:4B:74:10:62:F0:77:0E:BC:7E:BA:34:94:DC:82:DE:8A:4C:A2:1A:18:4B:EE:F4:EA:6E:EC,8C:0E:78:9F:C8:67:F7:C6:31:DB:9C:C4:71:66:B4:03:8D:18:2B:D5:53:53:C1:70:B4:08:C3:20:EE:9B:17:EB
54,gmw.cn,507AA02663BA7DD22B394267AEFF9E57FD14B559,C5:7D:0F:5D:FC:61:75:16:EF:D3:B9:46:5F:83:DE:4C:D1:59:72:A1:CC:55:E7:C1:35:5C:68:D9:AF:3D:90:65,7B:BD:CD:D8:EB:7D:99:F5:5F:EA:02:45:FC:08:B4:03:31:F8:90:54:6E:43:4E:7E:B4:22:6C:E3:A4:7C:43:C1
54,gmw.cn,8AFDDF4B703C39152188F7A9A62B325B43EE8D84,C5:7D:0F:5D:FC:61:75:16:EF:D3:B9:46:5F:83:DE:4C:D1:59:72:A1:CC:55:E7:C1:35:5C:68:D9:AF:3D:90:65,7B:BD:CD:D8:EB:7D:99:F5:5F:EA:02:45:FC:08:B4:03:31:F8:90:54:6E:43:4E:7E:B4:22:6C:E3:A4:7C:43:C1
54,gmw.cn,E20FF09A9A800B16C1C7C16E8C0DF95F46F649B0,C5:7D:0F:5D:FC:61:75:16:EF:D3:B9:46:5F:83:DE:4C:D1:59:72:A1:CC:55:E7:C1:35:5C:68:D9:AF:3D:90:65,7B:BD:CD:D8:EB:7D:99:F5:5F:EA:02:45:FC:08:B4:03:31:F8:90:54:6E:43:4E:7E:B4:22:6C:E3:A4:7C:43:C1
494,kooora.com,A4DFA7372D9A1A213AC7E45DB65AD36B1B2CCE47,29:20:09:EE:C1:0D:A7:12:FF:5C:71:34:0A:E4:70:90:3C:33:15:89:83:FB:85:B9:D4:2D:F4:94:D1:80:D2:C1,73:66:5F:0F:7D:FB:12:B3:17:85:87:60:07:4B:B7:A4:A4:4B:D2:F8:D8:BC:5E:1E:5E:DA:92:D5:47:C5:FE:B0
398,blkget.com,6B697F3FF04C26123466A5C0E5D1F8D91925967A,D5:80:BD:48:35:84:98:C9:0F:4A:B8:97:E1:F0:A9:86:2A:37:4A:36:8D:C7:5E:C1:C5:59:A9:BB:87:EE:7B:CF,C2:57:95:78:39:B7:14:7B:76:08:9B:EB:58:99:30:FB:E4:1D:3E:7B:D4:F6:C2:F0:35:F3:FE:82:7D:6B:27:FA
583,so-net.ne.jp,296B2178FD742AB35AB20C9ADF04D5DFD3D407EB,55:74:60:C5:E3:75:0E:74:DC:B5:4E:BD:0D:E8:96:3D:8E:A1:49:D2:7D:6E:16:73:57:EE:B1:C2:D8:9E:99:BA,D1:CA:FA:18:F6:EA:18:38:13:3B:DD:F5:C0:10:05:D3:4B:82:A9:6A:6A:61:89:F5:C5:90:86:2C:E1:38:CD:19
398,blkget.com,78EBA3F8933A0F596B43A7DBD794C5630F5B587D,D5:80:BD:48:35:84:98:C9:0F:4A:B8:97:E1:F0:A9:86:2A:37:4A:36:8D:C7:5E:C1:C5:59:A9:BB:87:EE:7B:CF,C2:57:95:78:39:B7:14:7B:76:08:9B:EB:58:99:30:FB:E4:1D:3E:7B:D4:F6:C2:F0:35:F3:FE:82:7D:6B:27:FA
404,sabah.com.tr,6B697F3FF04C26123466A5C0E5D1F8D91925967A,48:8C:04:6F:1F:5E:4B:74:10:62:F0:77:0E:BC:7E:BA:34:94:DC:82:DE:8A:4C:A2:1A:18:4B:EE:F4:EA:6E:EC,8C:0E:78:9F:C8:67:F7:C6:31:DB:9C:C4:71:66:B4:03:8D:18:2B:D5:53:53:C1:70:B4:08:C3:20:EE:9B:17:EB
494,kooora.com,03FF94D9E5001DD2290BC3B19FA7F59CE1E30279,29:20:09:EE:C1:0D:A7:12:FF:5C:71:34:0A:E4:70:90:3C:33:15:89:83:FB:85:B9:D4:2D:F4:94:D1:80:D2:C1,73:66:5F:0F:7D:FB:12:B3:17:85:87:60:07:4B:B7:A4:A4:4B:D2:F8:D8:BC:5E:1E:5E:DA:92:D5:47:C5:FE:B0
404,sabah.com.tr,78EBA3F8933A0F596B43A7DBD794C5630F5B587D,48:8C:04:6F:1F:5E:4B:74:10:62:F0:77:0E:BC:7E:BA:34:94:DC:82:DE:8A:4C:A2:1A:18:4B:EE:F4:EA:6E:EC,8C:0E:78:9F:C8:67:F7:C6:31:DB:9C:C4:71:66:B4:03:8D:18:2B:D5:53:53:C1:70:B4:08:C3:20:EE:9B:17:EB
54,gmw.cn,BAB9D33852DB4A326AD5FD9D8CB003E6BC74ECB4,C5:7D:0F:5D:FC:61:75:16:EF:D3:B9:46:5F:83:DE:4C:D1:59:72:A1:CC:55:E7:C1:35:5C:68:D9:AF:3D:90:65,7B:BD:CD:D8:EB:7D:99:F5:5F:EA:02:45:FC:08:B4:03:31:F8:90:54:6E:43:4E:7E:B4:22:6C:E3:A4:7C:43:C1
583,so-net.ne.jp,44B9D9C24E3C04054AE0A47080CC55461A1AC116,55:74:60:C5:E3:75:0E:74:DC:B5:4E:BD:0D:E8:96:3D:8E:A1:49:D2:7D:6E:16:73:57:EE:B1:C2:D8:9E:99:BA,D1:CA:FA:18:F6:EA:18:38:13:3B:DD:F5:C0:10:05:D3:4B:82:A9:6A:6A:61:89:F5:C5:90:86:2C:E1:38:CD:19
583,so-net.ne.jp,D86A960F886A64A3C807CE9EC7982A8FC76405B2,55:74:60:C5:E3:75:0E:74:DC:B5:4E:BD:0D:E8:96:3D:8E:A1:49:D2:7D:6E:16:73:57:EE:B1:C2:D8:9E:99:BA,49:D2:FB:32:8F:8D:57:42:8B:11:82:3F:4F:C4:90:A4:97:11:AD:A4:9F:5D:A5:1C:5A:FB:02:E5:D5:B1:F2:2C
54,gmw.cn,1532A36172C70012B1057FBBFAFE2734EDBF4A3B,C5:7D:0F:5D:FC:61:75:16:EF:D3:B9:46:5F:83:DE:4C:D1:59:72:A1:CC:55:E7:C1:35:5C:68:D9:AF:3D:90:65,7B:BD:CD:D8:EB:7D:99:F5:5F:EA:02:45:FC:08:B4:03:31:F8:90:54:6E:43:4E:7E:B4:22:6C:E3:A4:7C:43:C1
398,blkget.com,B01B7973207B1FD2F71D51D1B51B89EE77035CF4,D5:80:BD:48:35:84:98:C9:0F:4A:B8:97:E1:F0:A9:86:2A:37:4A:36:8D:C7:5E:C1:C5:59:A9:BB:87:EE:7B:CF,C2:57:95:78:39:B7:14:7B:76:08:9B:EB:58:99:30:FB:E4:1D:3E:7B:D4:F6:C2:F0:35:F3:FE:82:7D:6B:27:FA
398,blkget.com,30205C5F5B7C69179F1C26370BF0648C0D605F18,D5:80:BD:48:35:84:98:C9:0F:4A:B8:97:E1:F0:A9:86:2A:37:4A:36:8D:C7:5E:C1:C5:59:A9:BB:87:EE:7B:CF,C2:57:95:78:39:B7:14:7B:76:08:9B:EB:58:99:30:FB:E4:1D:3E:7B:D4:F6:C2:F0:35:F3:FE:82:7D:6B:27:FA
398,blkget.com,C936EF88A118014172ADB0AAA1A2BD31E9AF0F85,D5:80:BD:48:35:84:98:C9:0F:4A:B8:97:E1:F0:A9:86:2A:37:4A:36:8D:C7:5E:C1:C5:59:A9:BB:87:EE:7B:CF,C2:57:95:78:39:B7:14:7B:76:08:9B:EB:58:99:30:FB:E4:1D:3E:7B:D4:F6:C2:F0:35:F3:FE:82:7D:6B:27:FA
398,blkget.com,D71B1CA1C9DC7E8CA64158E106AD770A21160FEE,D5:80:BD:48:35:84:98:C9:0F:4A:B8:97:E1:F0:A9:86:2A:37:4A:36:8D:C7:5E:C1:C5:59:A9:BB:87:EE:7B:CF,C2:57:95:78:39:B7:14:7B:76:08:9B:EB:58:99:30:FB:E4:1D:3E:7B:D4:F6:C2:F0:35:F3:FE:82:7D:6B:27:FA
404,sabah.com.tr,30205C5F5B7C69179F1C26370BF0648C0D605F18,48:8C:04:6F:1F:5E:4B:74:10:62:F0:77:0E:BC:7E:BA:34:94:DC:82:DE:8A:4C:A2:1A:18:4B:EE:F4:EA:6E:EC,8C:0E:78:9F:C8:67:F7:C6:31:DB:9C:C4:71:66:B4:03:8D:18:2B:D5:53:53:C1:70:B4:08:C3:20:EE:9B:17:EB
404,sabah.com.tr,D71B1CA1C9DC7E8CA64158E106AD770A21160FEE,48:8C:04:6F:1F:5E:4B:74:10:62:F0:77:0E:BC:7E:BA:34:94:DC:82:DE:8A:4C:A2:1A:18:4B:EE:F4:EA:6E:EC,8C:0E:78:9F:C8:67:F7:C6:31:DB:9C:C4:71:66:B4:03:8D:18:2B:D5:53:53:C1:70:B4:08:C3:20:EE:9B:17:EB
54,gmw.cn,5C2B2A7AA55C60C56B4DC0BBF7EA3919731ABA1C,C5:7D:0F:5D:FC:61:75:16:EF:D3:B9:46:5F:83:DE:4C:D1:59:72:A1:CC:55:E7:C1:35:5C:68:D9:AF:3D:90:65,7B:BD:CD:D8:EB:7D:99:F5:5F:EA:02:45:FC:08:B4:03:31:F8:90:54:6E:43:4E:7E:B4:22:6C:E3:A4:7C:43:C1
404,sabah.com.tr,B01B7973207B1FD2F71D51D1B51B89EE77035CF4,48:8C:04:6F:1F:5E:4B:74:10:62:F0:77:0E:BC:7E:BA:34:94:DC:82:DE:8A:4C:A2:1A:18:4B:EE:F4:EA:6E:EC,8C:0E:78:9F:C8:67:F7:C6:31:DB:9C:C4:71:66:B4:03:8D:18:2B:D5:53:53:C1:70:B4:08:C3:20:EE:9B:17:EB
398,blkget.com,6C06DE1ACF07A999C59E506F0E46F08AC57B5190,D5:80:BD:48:35:84:98:C9:0F:4A:B8:97:E1:F0:A9:86:2A:37:4A:36:8D:C7:5E:C1:C5:59:A9:BB:87:EE:7B:CF,C2:57:95:78:39:B7:14:7B:76:08:9B:EB:58:99:30:FB:E4:1D:3E:7B:D4:F6:C2:F0:35:F3:FE:82:7D:6B:27:FA
54,gmw.cn,BEF72D507F14A6F897ECE72ACD74283F94AFD0DC,C5:7D:0F:5D:FC:61:75:16:EF:D3:B9:46:5F:83:DE:4C:D1:59:72:A1:CC:55:E7:C1:35:5C:68:D9:AF:3D:90:65,7B:BD:CD:D8:EB:7D:99:F5:5F:EA:02:45:FC:08:B4:03:31:F8:90:54:6E:43:4E:7E:B4:22:6C:E3:A4:7C:43:C1
54,gmw.cn,4BC48E7AE7F6D14C49BF048E2F7AE734E8D9E0E7,C5:7D:0F:5D:FC:61:75:16:EF:D3:B9:46:5F:83:DE:4C:D1:59:72:A1:CC:55:E7:C1:35:5C:68:D9:AF:3D:90:65,7B:BD:CD:D8:EB:7D:99:F5:5F:EA:02:45:FC:08:B4:03:31:F8:90:54:6E:43:4E:7E:B4:22:6C:E3:A4:7C:43:C1
404,sabah.com.tr,6C06DE1ACF07A999C59E506F0E46F08AC57B5190,48:8C:04:6F:1F:5E:4B:74:10:62:F0:77:0E:BC:7E:BA:34:94:DC:82:DE:8A:4C:A2:1A:18:4B:EE:F4:EA:6E:EC,8C:0E:78:9F:C8:67:F7:C6:31:DB:9C:C4:71:66:B4:03:8D:18:2B:D5:53:53:C1:70:B4:08:C3:20:EE:9B:17:EB
54,gmw.cn,AFC330AC8E34AF83590AA8BB442DD5B635EF0458,C5:7D:0F:5D:FC:61:75:16:EF:D3:B9:46:5F:83:DE:4C:D1:59:72:A1:CC:55:E7:C1:35:5C:68:D9:AF:3D:90:65,7B:BD:CD:D8:EB:7D:99:F5:5F:EA:02:45:FC:08:B4:03:31:F8:90:54:6E:43:4E:7E:B4:22:6C:E3:A4:7C:43:C1
494,kooora.com,EE45B6FE4E20AA7EF979F0D1878E86AB5FE7F7A7,29:20:09:EE:C1:0D:A7:12:FF:5C:71:34:0A:E4:70:90:3C:33:15:89:83:FB:85:B9:D4:2D:F4:94:D1:80:D2:C1,73:66:5F:0F:7D:FB:12:B3:17:85:87:60:07:4B:B7:A4:A4:4B:D2:F8:D8:BC:5E:1E:5E:DA:92:D5:47:C5:FE:B0
398,blkget.com,7D5CCD1D8D798779979DF7E0A3A2BFA55D2C24B3,D5:80:BD:48:35:84:98:C9:0F:4A:B8:97:E1:F0:A9:86:2A:37:4A:36:8D:C7:5E:C1:C5:59:A9:BB:87:EE:7B:CF,C2:57:95:78:39:B7:14:7B:76:08:9B:EB:58:99:30:FB:E4:1D:3E:7B:D4:F6:C2:F0:35:F3:FE:82:7D:6B:27:FA
398,blkget.com,37103DBFAB22FF01E9F6C0086A1BE3305BF9747D,D5:80:BD:48:35:84:98:C9:0F:4A:B8:97:E1:F0:A9:86:2A:37:4A:36:8D:C7:5E:C1:C5:59:A9:BB:87:EE:7B:CF,C2:57:95:78:39:B7:14:7B:76:08:9B:EB:58:99:30:FB:E4:1D:3E:7B:D4:F6:C2:F0:35:F3:FE:82:7D:6B:27:FA
54,gmw.cn,2592B063128FBE6C09ECC148122D0F41A59F5322,C5:7D:0F:5D:FC:61:75:16:EF:D3:B9:46:5F:83:DE:4C:D1:59:72:A1:CC:55:E7:C1:35:5C:68:D9:AF:3D:90:65,7B:BD:CD:D8:EB:7D:99:F5:5F:EA:02:45:FC:08:B4:03:31:F8:90:54:6E:43:4E:7E:B4:22:6C:E3:A4:7C:43:C1
54,gmw.cn,2892073608985977DED33F98A9FA27A9C47C8B61,C5:7D:0F:5D:FC:61:75:16:EF:D3:B9:46:5F:83:DE:4C:D1:59:72:A1:CC:55:E7:C1:35:5C:68:D9:AF:3D:90:65,7B:BD:CD:D8:EB:7D:99:F5:5F:EA:02:45:FC:08:B4:03:31:F8:90:54:6E:43:4E:7E:B4:22:6C:E3:A4:7C:43:C1
494,kooora.com,22F74E176F803499D4F80D9CE7D325883A8C0E45,29:20:09:EE:C1:0D:A7:12:FF:5C:71:34:0A:E4:70:90:3C:33:15:89:83:FB:85:B9:D4:2D:F4:94:D1:80:D2:C1,73:66:5F:0F:7D:FB:12:B3:17:85:87:60:07:4B:B7:A4:A4:4B:D2:F8:D8:BC:5E:1E:5E:DA:92:D5:47:C5:FE:B0
583,so-net.ne.jp,21954C79058F62F8A3C1EF5E5FC16657F924711C,55:74:60:C5:E3:75:0E:74:DC:B5:4E:BD:0D:E8:96:3D:8E:A1:49:D2:7D:6E:16:73:57:EE:B1:C2:D8:9E:99:BA,49:D2:FB:32:8F:8D:57:42:8B:11:82:3F:4F:C4:90:A4:97:11:AD:A4:9F:5D:A5:1C:5A:FB:02:E5:D5:B1:F2:2C
494,kooora.com,01C67E0CA8F97111E652C7564CB3204361FFFAB8,29:20:09:EE:C1:0D:A7:12:FF:5C:71:34:0A:E4:70:90:3C:33:15:89:83:FB:85:B9:D4:2D:F4:94:D1:80:D2:C1,73:66:5F:0F:7D:FB:12:B3:17:85:87:60:07:4B:B7:A4:A4:4B:D2:F8:D8:BC:5E:1E:5E:DA:92:D5:47:C5:FE:B0
54,gmw.cn,A9F5135AE18C7E25C7C79117CD8C7619BFEB85ED,C5:7D:0F:5D:FC:61:75:16:EF:D3:B9:46:5F:83:DE:4C:D1:59:72:A1:CC:55:E7:C1:35:5C:68:D9:AF:3D:90:65,7B:BD:CD:D8:EB:7D:99:F5:5F:EA:02:45:FC:08:B4:03:31:F8:90:54:6E:43:4E:7E:B4:22:6C:E3:A4:7C:43:C1
398,blkget.com,E4C42A96CED0B96BA354A2B0FDC171C36E19303E,D5:80:BD:48:35:84:98:C9:0F:4A:B8:97:E1:F0:A9:86:2A:37:4A:36:8D:C7:5E:C1:C5:59:A9:BB:87:EE:7B:CF,C2:57:95:78:39:B7:14:7B:76:08:9B:EB:58:99:30:FB:E4:1D:3E:7B:D4:F6:C2:F0:35:F3:FE:82:7D:6B:27:FA
404,sabah.com.tr,37103DBFAB22FF01E9F6C0086A1BE3305BF9747D,48:8C:04:6F:1F:5E:4B:74:10:62:F0:77:0E:BC:7E:BA:34:94:DC:82:DE:8A:4C:A2:1A:18:4B:EE:F4:EA:6E:EC,8C:0E:78:9F:C8:67:F7:C6:31:DB:9C:C4:71:66:B4:03:8D:18:2B:D5:53:53:C1:70:B4:08:C3:20:EE:9B:17:EB
494,kooora.com,C656B41AEFB40A141967EBF49D6E69603C9B4A11,29:20:09:EE:C1:0D:A7:12:FF:5C:71:34:0A:E4:70:90:3C:33:15:89:83:FB:85:B9:D4:2D:F4:94:D1:80:D2:C1,73:66:5F:0F:7D:FB:12:B3:17:85:87:60:07:4B:B7:A4:A4:4B:D2:F8:D8:BC:5E:1E:5E:DA:92:D5:47:C5:FE:B0
583,so-net.ne.jp,0B5E5E70FFEA9C7F9FFD13B8E16916A608F3E9EB,55:74:60:C5:E3:75:0E:74:DC:B5:4E:BD:0D:E8:96:3D:8E:A1:49:D2:7D:6E:16:73:57:EE:B1:C2:D8:9E:99:BA,D1:CA:FA:18:F6:EA:18:38:13:3B:DD:F5:C0:10:05:D3:4B:82:A9:6A:6A:61:89:F5:C5:90:86:2C:E1:38:CD:19
54,gmw.cn,D191DBD0C3AD411287D45635BFFD0C22557B37FF,C5:7D:0F:5D:FC:61:75:16:EF:D3:B9:46:5F:83:DE:4C:D1:59:72:A1:CC:55:E7:C1:35:5C:68:D9:AF:3D:90:65,7B:BD:CD:D8:EB:7D:99:F5:5F:EA:02:45:FC:08:B4:03:31:F8:90:54:6E:43:4E:7E:B4:22:6C:E3:A4:7C:43:C1
404,sabah.com.tr,7D5CCD1D8D798779979DF7E0A3A2BFA55D2C24B3,48:8C:04:6F:1F:5E:4B:74:10:62:F0:77:0E:BC:7E:BA:34:94:DC:82:DE:8A:4C:A2:1A:18:4B:EE:F4:EA:6E:EC,8C:0E:78:9F:C8:67:F7:C6:31:DB:9C:C4:71:66:B4:03:8D:18:2B:D5:53:53:C1:70:B4:08:C3:20:EE:9B:17:EB
398,blkget.com,3DE567C1350C0E858C6147AECB06EA9B3EAF3261,D5:80:BD:48:35:84:98:C9:0F:4A:B8:97:E1:F0:A9:86:2A:37:4A:36:8D:C7:5E:C1:C5:59:A9:BB:87:EE:7B:CF,C2:57:95:78:39:B7:14:7B:76:08:9B:EB:58:99:30:FB:E4:1D:3E:7B:D4:F6:C2:F0:35:F3:FE:82:7D:6B:27:FA
398,blkget.com,62652D3DB1D8CD7873E01BB4089545BE0567DE80,D5:80:BD:48:35:84:98:C9:0F:4A:B8:97:E1:F0:A9:86:2A:37:4A:36:8D:C7:5E:C1:C5:59:A9:BB:87:EE:7B:CF,C2:57:95:78:39:B7:14:7B:76:08:9B:EB:58:99:30:FB:E4:1D:3E:7B:D4:F6:C2:F0:35:F3:FE:82:7D:6B:27:FA
54,gmw.cn,0DA9BD201766EDB19F57F49F1A013A8A5432C008,C5:7D:0F:5D:FC:61:75:16:EF:D3:B9:46:5F:83:DE:4C:D1:59:72:A1:CC:55:E7:C1:35:5C:68:D9:AF:3D:90:65,7B:BD:CD:D8:EB:7D:99:F5:5F:EA:02:45:FC:08:B4:03:31:F8:90:54:6E:43:4E:7E:B4:22:6C:E3:A4:7C:43:C1
583,so-net.ne.jp,A4DFA7372D9A1A213AC7E45DB65AD36B1B2CCE47,55:74:60:C5:E3:75:0E:74:DC:B5:4E:BD:0D:E8:96:3D:8E:A1:49:D2:7D:6E:16:73:57:EE:B1:C2:D8:9E:99:BA,49:D2:FB:32:8F:8D:57:42:8B:11:82:3F:4F:C4:90:A4:97:11:AD:A4:9F:5D:A5:1C:5A:FB:02:E5:D5:B1:F2:2C
404,sabah.com.tr,E70972F8229623017581044BB10B2CEE1B7EB158,48:8C:04:6F:1F:5E:4B:74:10:62:F0:77:0E:BC:7E:BA:34:94:DC:82:DE:8A:4C:A2:1A:18:4B:EE:F4:EA:6E:EC,8C:0E:78:9F:C8:67:F7:C6:31:DB:9C:C4:71:66:B4:03:8D:18:2B:D5:53:53:C1:70:B4:08:C3:20:EE:9B:17:EB
494,kooora.com,78EBA3F8933A0F596B43A7DBD794C5630F5B587D,29:20:09:EE:C1:0D:A7:12:FF:5C:71:34:0A:E4:70:90:3C:33:15:89:83:FB:85:B9:D4:2D:F4:94:D1:80:D2:C1,73:66:5F:0F:7D:FB:12:B3:17:85:87:60:07:4B:B7:A4:A4:4B:D2:F8:D8:BC:5E:1E:5E:DA:92:D5:47:C5:FE:B0
404,sabah.com.tr,3DE567C1350C0E858C6147AECB06EA9B3EAF3261,48:8C:04:6F:1F:5E:4B:74:10:62:F0:77:0E:BC:7E:BA:34:94:DC:82:DE:8A:4C:A2:1A:18:4B:EE:F4:EA:6E:EC,8C:0E:78:9F:C8:67:F7:C6:31:DB:9C:C4:71:66:B4:03:8D:18:2B:D5:53:53:C1:70:B4:08:C3:20:EE:9B:17:EB
494,kooora.com,6B697F3FF04C26123466A5C0E5D1F8D91925967A,29:20:09:EE:C1:0D:A7:12:FF:5C:71:34:0A:E4:70:90:3C:33:15:89:83:FB:85:B9:D4:2D:F4:94:D1:80:D2:C1,73:66:5F:0F:7D:FB:12:B3:17:85:87:60:07:4B:B7:A4:A4:4B:D2:F8:D8:BC:5E:1E:5E:DA:92:D5:47:C5:FE:B0
583,so-net.ne.jp,03FF94D9E5001DD2290BC3B19FA7F59CE1E30279,55:74:60:C5:E3:75:0E:74:DC:B5:4E:BD:0D:E8:96:3D:8E:A1:49:D2:7D:6E:16:73:57:EE:B1:C2:D8:9E:99:BA,89:EA:3B:39:0B:A9:19:27:36:44:41:9A:A4:28:4F:D4:85:B2:C5:59:84:D8:DD:78:E3:53:50:2B:35:01:0E:A0
774,mydala.com,3DD8340385CA96B9C1E2BADBEAA2470977F2AD23,07:E4:66:9F:CC:B2:8A:65:D8:ED:8C:3C:EF:00:89:25:50:F0:A2:EE:39:99:C7:66:6D:41:A7:D8:2E:A8:86:B5,48:52:92:E6:05:8C:ED:A1:70:B1:AE:32:F4:27:EF:F9:F7:80:DE:F6:C2:74:08:9B:CD:EA:7E:46:64:ED:BE:7B
774,mydala.com,64D500C4D7F989ECD74B42ABB068818EF95525F3,07:E4:66:9F:CC:B2:8A:65:D8:ED:8C:3C:EF:00:89:25:50:F0:A2:EE:39:99:C7:66:6D:41:A7:D8:2E:A8:86:B5,48:52:92:E6:05:8C:ED:A1:70:B1:AE:32:F4:27:EF:F9:F7:80:DE:F6:C2:74:08:9B:CD:EA:7E:46:64:ED:BE:7B
54,gmw.cn,2B44FD1742D26E4F28D4CACF1F0CF8A686270E45,C5:7D:0F:5D:FC:61:75:16:EF:D3:B9:46:5F:83:DE:4C:D1:59:72:A1:CC:55:E7:C1:35:5C:68:D9:AF:3D:90:65,7B:BD:CD:D8:EB:7D:99:F5:5F:EA:02:45:FC:08:B4:03:31:F8:90:54:6E:43:4E:7E:B4:22:6C:E3:A4:7C:43:C1
404,sabah.com.tr,80F2E66AE9EE686B47A775332CF55174EFF28EB4,48:8C:04:6F:1F:5E:4B:74:10:62:F0:77:0E:BC:7E:BA:34:94:DC:82:DE:8A:4C:A2:1A:18:4B:EE:F4:EA:6E:EC,8C:0E:78:9F:C8:67:F7:C6:31:DB:9C:C4:71:66:B4:03:8D:18:2B:D5:53:53:C1:70:B4:08:C3:20:EE:9B:17:EB
774,mydala.com,BAD729D970BB21759E9A8BA655416C23CFF9535C,07:E4:66:9F:CC:B2:8A:65:D8:ED:8C:3C:EF:00:89:25:50:F0:A2:EE:39:99:C7:66:6D:41:A7:D8:2E:A8:86:B5,8C:54:AC:AD:3B:42:B1:34:BE:FE:A8:1A:AB:1C:65:F7:57:B9:0F:98:C9:7B:21:74:B7:8B:3C:74:6F:5D:6C:B7
54,gmw.cn,F73EDE0B61556C98BD652E652A58B2889CED6F9C,C5:7D:0F:5D:FC:61:75:16:EF:D3:B9:46:5F:83:DE:4C:D1:59:72:A1:CC:55:E7:C1:35:5C:68:D9:AF:3D:90:65,7B:BD:CD:D8:EB:7D:99:F5:5F:EA:02:45:FC:08:B4:03:31:F8:90:54:6E:43:4E:7E:B4:22:6C:E3:A4:7C:43:C1
774,mydala.com,615ABEA2DE76EB3760BC51E7306BAA59F15CD8F2,07:E4:66:9F:CC:B2:8A:65:D8:ED:8C:3C:EF:00:89:25:50:F0:A2:EE:39:99:C7:66:6D:41:A7:D8:2E:A8:86:B5,27:08:C4:4D:35:C3:A6:C4:42:3D:AE:20:3D:7F:7C:BB:4A:55:B3:DC:77:4A:7B:5C:7E:31:FE:92:33:C4:29:DB
54,gmw.cn,ACA45CB6D5DF151DB88AEF666D8FECC6DDED17FA,C5:7D:0F:5D:FC:61:75:16:EF:D3:B9:46:5F:83:DE:4C:D1:59:72:A1:CC:55:E7:C1:35:5C:68:D9:AF:3D:90:65,7B:BD:CD:D8:EB:7D:99:F5:5F:EA:02:45:FC:08:B4:03:31:F8:90:54:6E:43:4E:7E:B4:22:6C:E3:A4:7C:43:C1
398,blkget.com,231C00CD373C5DA8E5BA89883300506BC95881D9,D5:80:BD:48:35:84:98:C9:0F:4A:B8:97:E1:F0:A9:86:2A:37:4A:36:8D:C7:5E:C1:C5:59:A9:BB:87:EE:7B:CF,C2:57:95:78:39:B7:14:7B:76:08:9B:EB:58:99:30:FB:E4:1D:3E:7B:D4:F6:C2:F0:35:F3:FE:82:7D:6B:27:FA
398,blkget.com,9BA84E8C90083676F86C7427C8D105925F13716C,D5:80:BD:48:35:84:98:C9:0F:4A:B8:97:E1:F0:A9:86:2A:37:4A:36:8D:C7:5E:C1:C5:59:A9:BB:87:EE:7B:CF,C2:57:95:78:39:B7:14:7B:76:08:9B:EB:58:99:30:FB:E4:1D:3E:7B:D4:F6:C2:F0:35:F3:FE:82:7D:6B:27:FA
774,mydala.com,4D3E45C972701A966F720BF86EA54482A5144AEB,07:E4:66:9F:CC:B2:8A:65:D8:ED:8C:3C:EF:00:89:25:50:F0:A2:EE:39:99:C7:66:6D:41:A7:D8:2E:A8:86:B5,48:52:92:E6:05:8C:ED:A1:70:B1:AE:32:F4:27:EF:F9:F7:80:DE:F6:C2:74:08:9B:CD:EA:7E:46:64:ED:BE:7B
404,sabah.com.tr,231C00CD373C5DA8E5BA89883300506BC95881D9,48:8C:04:6F:1F:5E:4B:74:10:62:F0:77:0E:BC:7E:BA:34:94:DC:82:DE:8A:4C:A2:1A:18:4B:EE:F4:EA:6E:EC,8C:0E:78:9F:C8:67:F7:C6:31:DB:9C:C4:71:66:B4:03:8D:18:2B:D5:53:53:C1:70:B4:08:C3:20:EE:9B:17:EB
404,sabah.com.tr,9BA84E8C90083676F86C7427C8D105925F13716C,48:8C:04:6F:1F:5E:4B:74:10:62:F0:77:0E:BC:7E:BA:34:94:DC:82:DE:8A:4C:A2:1A:18:4B:EE:F4:EA:6E:EC,8C:0E:78:9F:C8:67:F7:C6:31:DB:9C:C4:71:66:B4:03:8D:18:2B:D5:53:53:C1:70:B4:08:C3:20:EE:9B:17:EB
398,blkget.com,6092F59F96CB1314B4600F15D28C5ED4D426BC91,D5:80:BD:48:35:84:98:C9:0F:4A:B8:97:E1:F0:A9:86:2A:37:4A:36:8D:C7:5E:C1:C5:59:A9:BB:87:EE:7B:CF,C2:57:95:78:39:B7:14:7B:76:08:9B:EB:58:99:30:FB:E4:1D:3E:7B:D4:F6:C2:F0:35:F3:FE:82:7D:6B:27:FA
494,kooora.com,C936EF88A118014172ADB0AAA1A2BD31E9AF0F85,29:20:09:EE:C1:0D:A7:12:FF:5C:71:34:0A:E4:70:90:3C:33:15:89:83:FB:85:B9:D4:2D:F4:94:D1:80:D2:C1,73:66:5F:0F:7D:FB:12:B3:17:85:87:60:07:4B:B7:A4:A4:4B:D2:F8:D8:BC:5E:1E:5E:DA:92:D5:47:C5:FE:B0
398,blkget.com,05FFA39D71DA116F7669EA4EE53A0BAEA315BA7F,D5:80:BD:48:35:84:98:C9:0F:4A:B8:97:E1:F0:A9:86:2A:37:4A:36:8D:C7:5E:C1:C5:59:A9:BB:87:EE:7B:CF,C2:57:95:78:39:B7:14:7B:76:08:9B:EB:58:99:30:FB:E4:1D:3E:7B:D4:F6:C2:F0:35:F3:FE:82:7D:6B:27:FA
54,gmw.cn,2BFB59BB88D621A51A5DCC2CAC821E742EBAC038,C5:7D:0F:5D:FC:61:75:16:EF:D3:B9:46:5F:83:DE:4C:D1:59:72:A1:CC:55:E7:C1:35:5C:68:D9:AF:3D:90:65,7B:BD:CD:D8:EB:7D:99:F5:5F:EA:02:45:FC:08:B4:03:31:F8:90:54:6E:43:4E:7E:B4:22:6C:E3:A4:7C:43:C1
494,kooora.com,B01B7973207B1FD2F71D51D1B51B89EE77035CF4,29:20:09:EE:C1:0D:A7:12:FF:5C:71:34:0A:E4:70:90:3C:33:15:89:83:FB:85:B9:D4:2D:F4:94:D1:80:D2:C1,73:66:5F:0F:7D:FB:12:B3:17:85:87:60:07:4B:B7:A4:A4:4B:D2:F8:D8:BC:5E:1E:5E:DA:92:D5:47:C5:FE:B0
494,kooora.com,D71B1CA1C9DC7E8CA64158E106AD770A21160FEE,29:20:09:EE:C1:0D:A7:12:FF:5C:71:34:0A:E4:70:90:3C:33:15:89:83:FB:85:B9:D4:2D:F4:94:D1:80:D2:C1,73:66:5F:0F:7D:FB:12:B3:17:85:87:60:07:4B:B7:A4:A4:4B:D2:F8:D8:BC:5E:1E:5E:DA:92:D5:47:C5:FE:B0
54,gmw.cn,BDA7A91FF3806DE5109FDAE74CFEFB3BABB9E10F,C5:7D:0F:5D:FC:61:75:16:EF:D3:B9:46:5F:83:DE:4C:D1:59:72:A1:CC:55:E7:C1:35:5C:68:D9:AF:3D:90:65,7B:BD:CD:D8:EB:7D:99:F5:5F:EA:02:45:FC:08:B4:03:31:F8:90:54:6E:43:4E:7E:B4:22:6C:E3:A4:7C:43:C1
404,sabah.com.tr,05FFA39D71DA116F7669EA4EE53A0BAEA315BA7F,48:8C:04:6F:1F:5E:4B:74:10:62:F0:77:0E:BC:7E:BA:34:94:DC:82:DE:8A:4C:A2:1A:18:4B:EE:F4:EA:6E:EC,8C:0E:78:9F:C8:67:F7:C6:31:DB:9C:C4:71:66:B4:03:8D:18:2B:D5:53:53:C1:70:B4:08:C3:20:EE:9B:17:EB
54,gmw.cn,6B1E001929AF4DDBB747D02EC28340792B7724A6,C5:7D:0F:5D:FC:61:75:16:EF:D3:B9:46:5F:83:DE:4C:D1:59:72:A1:CC:55:E7:C1:35:5C:68:D9:AF:3D:90:65,7B:BD:CD:D8:EB:7D:99:F5:5F:EA:02:45:FC:08:B4:03:31:F8:90:54:6E:43:4E:7E:B4:22:6C:E3:A4:7C:43:C1
774,mydala.com,D86A960F886A64A3C807CE9EC7982A8FC76405B2,07:E4:66:9F:CC:B2:8A:65:D8:ED:8C:3C:EF:00:89:25:50:F0:A2:EE:39:99:C7:66:6D:41:A7:D8:2E:A8:86:B5,48:52:92:E6:05:8C:ED:A1:70:B1:AE:32:F4:27:EF:F9:F7:80:DE:F6:C2:74:08:9B:CD:EA:7E:46:64:ED:BE:7B
494,kooora.com,37103DBFAB22FF01E9F6C0086A1BE3305BF9747D,29:20:09:EE:C1:0D:A7:12:FF:5C:71:34:0A:E4:70:90:3C:33:15:89:83:FB:85:B9:D4:2D:F4:94:D1:80:D2:C1,73:66:5F:0F:7D:FB:12:B3:17:85:87:60:07:4B:B7:A4:A4:4B:D2:F8:D8:BC:5E:1E:5E:DA:92:D5:47:C5:FE:B0
54,gmw.cn,973607526BE9C8FDA03EBBAF527D67AE6FFD65DD,C5:7D:0F:5D:FC:61:75:16:EF:D3:B9:46:5F:83:DE:4C:D1:59:72:A1:CC:55:E7:C1:35:5C:68:D9:AF:3D:90:65,7B:BD:CD:D8:EB:7D:99:F5:5F:EA:02:45:FC:08:B4:03:31:F8:90:54:6E:43:4E:7E:B4:22:6C:E3:A4:7C:43:C1
398,blkget.com,69DF3CDA1CDA460C17ECAD9D6F0C117A42384FA0,D5:80:BD:48:35:84:98:C9:0F:4A:B8:97:E1:F0:A9:86:2A:37:4A:36:8D:C7:5E:C1:C5:59:A9:BB:87:EE:7B:CF,C2:57:95:78:39:B7:14:7B:76:08:9B:EB:58:99:30:FB:E4:1D:3E:7B:D4:F6:C2:F0:35:F3:FE:82:7D:6B:27:FA
54,gmw.cn,0111BA9B604669E636FFD5B503F382A4B7AD6E80,C5:7D:0F:5D:FC:61:75:16:EF:D3:B9:46:5F:83:DE:4C:D1:59:72:A1:CC:55:E7:C1:35:5C:68:D9:AF:3D:90:65,7B:BD:CD:D8:EB:7D:99:F5:5F:EA:02:45:FC:08:B4:03:31:F8:90:54:6E:43:4E:7E:B4:22:6C:E3:A4:7C:43:C1
404,sabah.com.tr,69DF3CDA1CDA460C17ECAD9D6F0C117A42384FA0,48:8C:04:6F:1F:5E:4B:74:10:62:F0:77:0E:BC:7E:BA:34:94:DC:82:DE:8A:4C:A2:1A:18:4B:EE:F4:EA:6E:EC,8C:0E:78:9F:C8:67:F7:C6:31:DB:9C:C4:71:66:B4:03:8D:18:2B:D5:53:53:C1:70:B4:08:C3:20:EE:9B:17:EB
54,gmw.cn,99A3A8DFE37C8397A18D2A08D7335FAF2DC3290D,C5:7D:0F:5D:FC:61:75:16:EF:D3:B9:46:5F:83:DE:4C:D1:59:72:A1:CC:55:E7:C1:35:5C:68:D9:AF:3D:90:65,7B:BD:CD:D8:EB:7D:99:F5:5F:EA:02:45:FC:08:B4:03:31:F8:90:54:6E:43:4E:7E:B4:22:6C:E3:A4:7C:43:C1
54,gmw.cn,C92C5913D70F7ADF473165020A690F4A68156887,C5:7D:0F:5D:FC:61:75:16:EF:D3:B9:46:5F:83:DE:4C:D1:59:72:A1:CC:55:E7:C1:35:5C:68:D9:AF:3D:90:65,7B:BD:CD:D8:EB:7D:99:F5:5F:EA:02:45:FC:08:B4:03:31:F8:90:54:6E:43:4E:7E:B4:22:6C:E3:A4:7C:43:C1
774,mydala.com,44B9D9C24E3C04054AE0A47080CC55461A1AC116,07:E4:66:9F:CC:B2:8A:65:D8:ED:8C:3C:EF:00:89:25:50:F0:A2:EE:39:99:C7:66:6D:41:A7:D8:2E:A8:86:B5,8C:54:AC:AD:3B:42:B1:34:BE:FE:A8:1A:AB:1C:65:F7:57:B9:0F:98:C9:7B:21:74:B7:8B:3C:74:6F:5D:6C:B7
54,gmw.cn,8CB4B221DE9FF4073145042A25B588A71ED238D5,C5:7D:0F:5D:FC:61:75:16:EF:D3:B9:46:5F:83:DE:4C:D1:59:72:A1:CC:55:E7:C1:35:5C:68:D9:AF:3D:90:65,7B:BD:CD:D8:EB:7D:99:F5:5F:EA:02:45:FC:08:B4:03:31:F8:90:54:6E:43:4E:7E:B4:22:6C:E3:A4:7C:43:C1
398,blkget.com,F1BE15429B3CE696D6807F4D4A58B1BFEC45C822,D5:80:BD:48:35:84:98:C9:0F:4A:B8:97:E1:F0:A9:86:2A:37:4A:36:8D:C7:5E:C1:C5:59:A9:BB:87:EE:7B:CF,C2:57:95:78:39:B7:14:7B:76:08:9B:EB:58:99:30:FB:E4:1D:3E:7B:D4:F6:C2:F0:35:F3:FE:82:7D:6B:27:FA
494,kooora.com,E4C42A96CED0B96BA354A2B0FDC171C36E19303E,29:20:09:EE:C1:0D:A7:12:FF:5C:71:34:0A:E4:70:90:3C:33:15:89:83:FB:85:B9:D4:2D:F4:94:D1:80:D2:C1,73:66:5F:0F:7D:FB:12:B3:17:85:87:60:07:4B:B7:A4:A4:4B:D2:F8:D8:BC:5E:1E:5E:DA:92:D5:47:C5:FE:B0
404,sabah.com.tr,F1BE15429B3CE696D6807F4D4A58B1BFEC45C822,48:8C:04:6F:1F:5E:4B:74:10:62:F0:77:0E:BC:7E:BA:34:94:DC:82:DE:8A:4C:A2:1A:18:4B:EE:F4:EA:6E:EC,8C:0E:78:9F:C8:67:F7:C6:31:DB:9C:C4:71:66:B4:03:8D:18:2B:D5:53:53:C1:70:B4:08:C3:20:EE:9B:17:EB
54,gmw.cn,2A6E701B821C64A4D3AFF296478DC4159FF78347,C5:7D:0F:5D:FC:61:75:16:EF:D3:B9:46:5F:83:DE:4C:D1:59:72:A1:CC:55:E7:C1:35:5C:68:D9:AF:3D:90:65,7B:BD:CD:D8:EB:7D:99:F5:5F:EA:02:45:FC:08:B4:03:31:F8:90:54:6E:43:4E:7E:B4:22:6C:E3:A4:7C:43:C1
583,so-net.ne.jp,EE45B6FE4E20AA7EF979F0D1878E86AB5FE7F7A7,55:74:60:C5:E3:75:0E:74:DC:B5:4E:BD:0D:E8:96:3D:8E:A1:49:D2:7D:6E:16:73:57:EE:B1:C2:D8:9E:99:BA,49:D2:FB:32:8F:8D:57:42:8B:11:82:3F:4F:C4:90:A4:97:11:AD:A4:9F:5D:A5:1C:5A:FB:02:E5:D5:B1:F2:2C
494,kooora.com,3DE567C1350C0E858C6147AECB06EA9B3EAF3261,29:20:09:EE:C1:0D:A7:12:FF:5C:71:34:0A:E4:70:90:3C:33:15:89:83:FB:85:B9:D4:2D:F4:94:D1:80:D2:C1,73:66:5F:0F:7D:FB:12:B3:17:85:87:60:07:4B:B7:A4:A4:4B:D2:F8:D8:BC:5E:1E:5E:DA:92:D5:47:C5:FE:B0
54,gmw.cn,8CB0C653FC180A0A4A3915EE1B92D205D90B248B,C5:7D:0F:5D:FC:61:75:16:EF:D3:B9:46:5F:83:DE:4C:D1:59:72:A1:CC:55:E7:C1:35:5C:68:D9:AF:3D:90:65,7B:BD:CD:D8:EB:7D:99:F5:5F:EA:02:45:FC:08:B4:03:31:F8:90:54:6E:43:4E:7E:B4:22:6C:E3:A4:7C:43:C1
494,kooora.com,62652D3DB1D8CD7873E01BB4089545BE0567DE80,29:20:09:EE:C1:0D:A7:12:FF:5C:71:34:0A:E4:70:90:3C:33:15:89:83:FB:85:B9:D4:2D:F4:94:D1:80:D2:C1,73:66:5F:0F:7D:FB:12:B3:17:85:87:60:07:4B:B7:A4:A4:4B:D2:F8:D8:BC:5E:1E:5E:DA:92:D5:47:C5:FE:B0
583,so-net.ne.jp,78EBA3F8933A0F596B43A7DBD794C5630F5B587D,55:74:60:C5:E3:75:0E:74:DC:B5:4E:BD:0D:E8:96:3D:8E:A1:49:D2:7D:6E:16:73:57:EE:B1:C2:D8:9E:99:BA,D1:CA:FA:18:F6:EA:18:38:13:3B:DD:F5:C0:10:05:D3:4B:82:A9:6A:6A:61:89:F5:C5:90:86:2C:E1:38:CD:19
494,kooora.com,6C06DE1ACF07A999C59E506F0E46F08AC57B5190,29:20:09:EE:C1:0D:A7:12:FF:5C:71:34:0A:E4:70:90:3C:33:15:89:83:FB:85:B9:D4:2D:F4:94:D1:80:D2:C1,73:66:5F:0F:7D:FB:12:B3:17:85:87:60:07:4B:B7:A4:A4:4B:D2:F8:D8:BC:5E:1E:5E:DA:92:D5:47:C5:FE:B0
54,gmw.cn,2B31EF9EBA4012643CB21126E1EC41B60C3EC45E,C5:7D:0F:5D:FC:61:75:16:EF:D3:B9:46:5F:83:DE:4C:D1:59:72:A1:CC:55:E7:C1:35:5C:68:D9:AF:3D:90:65,7B:BD:CD:D8:EB:7D:99:F5:5F:EA:02:45:FC:08:B4:03:31:F8:90:54:6E:43:4E:7E:B4:22:6C:E3:A4:7C:43:C1
494,kooora.com,7D5CCD1D8D798779979DF7E0A3A2BFA55D2C24B3,29:20:09:EE:C1:0D:A7:12:FF:5C:71:34:0A:E4:70:90:3C:33:15:89:83:FB:85:B9:D4:2D:F4:94:D1:80:D2:C1,73:66:5F:0F:7D:FB:12:B3:17:85:87:60:07:4B:B7:A4:A4:4B:D2:F8:D8:BC:5E:1E:5E:DA:92:D5:47:C5:FE:B0
583,so-net.ne.jp,6B697F3FF04C26123466A5C0E5D1F8D91925967A,55:74:60:C5:E3:75:0E:74:DC:B5:4E:BD:0D:E8:96:3D:8E:A1:49:D2:7D:6E:16:73:57:EE:B1:C2:D8:9E:99:BA,49:D2:FB:32:8F:8D:57:42:8B:11:82:3F:4F:C4:90:A4:97:11:AD:A4:9F:5D:A5:1C:5A:FB:02:E5:D5:B1:F2:2C
583,so-net.ne.jp,22F74E176F803499D4F80D9CE7D325883A8C0E45,55:74:60:C5:E3:75:0E:74:DC:B5:4E:BD:0D:E8:96:3D:8E:A1:49:D2:7D:6E:16:73:57:EE:B1:C2:D8:9E:99:BA,D1:CA:FA:18:F6:EA:18:38:13:3B:DD:F5:C0:10:05:D3:4B:82:A9:6A:6A:61:89:F5:C5:90:86:2C:E1:38:CD:19
398,blkget.com,ED88BC204397095C6E73A0D863CB4D0FF16CBEAF,D5:80:BD:48:35:84:98:C9:0F:4A:B8:97:E1:F0:A9:86:2A:37:4A:36:8D:C7:5E:C1:C5:59:A9:BB:87:EE:7B:CF,C2:57:95:78:39:B7:14:7B:76:08:9B:EB:58:99:30:FB:E4:1D:3E:7B:D4:F6:C2:F0:35:F3:FE:82:7D:6B:27:FA
398,blkget.com,4061C553CA88021B8302F0814365070AAE617270,D5:80:BD:48:35:84:98:C9:0F:4A:B8:97:E1:F0:A9:86:2A:37:4A:36:8D:C7:5E:C1:C5:59:A9:BB:87:EE:7B:CF,C2:57:95:78:39:B7:14:7B:76:08:9B:EB:58:99:30:FB:E4:1D:3E:7B:D4:F6:C2:F0:35:F3:FE:82:7D:6B:27:FA
398,blkget.com,0011BD2485AD45D984EC4159C88FC066E5E3300E,D5:80:BD:48:35:84:98:C9:0F:4A:B8:97:E1:F0:A9:86:2A:37:4A:36:8D:C7:5E:C1:C5:59:A9:BB:87:EE:7B:CF,C2:57:95:78:39:B7:14:7B:76:08:9B:EB:58:99:30:FB:E4:1D:3E:7B:D4:F6:C2:F0:35:F3:FE:82:7D:6B:27:FA
54,gmw.cn,746BE73579F274AFEFA5E12C4ADACD53784D0762,C5:7D:0F:5D:FC:61:75:16:EF:D3:B9:46:5F:83:DE:4C:D1:59:72:A1:CC:55:E7:C1:35:5C:68:D9:AF:3D:90:65,7B:BD:CD:D8:EB:7D:99:F5:5F:EA:02:45:FC:08:B4:03:31:F8:90:54:6E:43:4E:7E:B4:22:6C:E3:A4:7C:43:C1
54,gmw.cn,3BADB3EFFB87534736BFAC9A2024AB78401BDBC3,C5:7D:0F:5D:FC:61:75:16:EF:D3:B9:46:5F:83:DE:4C:D1:59:72:A1:CC:55:E7:C1:35:5C:68:D9:AF:3D:90:65,7B:BD:CD:D8:EB:7D:99:F5:5F:EA:02:45:FC:08:B4:03:31:F8:90:54:6E:43:4E:7E:B4:22:6C:E3:A4:7C:43:C1
404,sabah.com.tr,0011BD2485AD45D984EC4159C88FC066E5E3300E,48:8C:04:6F:1F:5E:4B:74:10:62:F0:77:0E:BC:7E:BA:34:94:DC:82:DE:8A:4C:A2:1A:18:4B:EE:F4:EA:6E:EC,8C:0E:78:9F:C8:67:F7:C6:31:DB:9C:C4:71:66:B4:03:8D:18:2B:D5:53:53:C1:70:B4:08:C3:20:EE:9B:17:EB
404,sabah.com.tr,ED88BC204397095C6E73A0D863CB4D0FF16CBEAF,48:8C:04:6F:1F:5E:4B:74:10:62:F0:77:0E:BC:7E:BA:34:94:DC:82:DE:8A:4C:A2:1A:18:4B:EE:F4:EA:6E:EC,8C:0E:78:9F:C8:67:F7:C6:31:DB:9C:C4:71:66:B4:03:8D:18:2B:D5:53:53:C1:70:B4:08:C3:20:EE:9B:17:EB
583,so-net.ne.jp,01C67E0CA8F97111E652C7564CB3204361FFFAB8,55:74:60:C5:E3:75:0E:74:DC:B5:4E:BD:0D:E8:96:3D:8E:A1:49:D2:7D:6E:16:73:57:EE:B1:C2:D8:9E:99:BA,49:D2:FB:32:8F:8D:57:42:8B:11:82:3F:4F:C4:90:A4:97:11:AD:A4:9F:5D:A5:1C:5A:FB:02:E5:D5:B1:F2:2C
494,kooora.com,05FFA39D71DA116F7669EA4EE53A0BAEA315BA7F,29:20:09:EE:C1:0D:A7:12:FF:5C:71:34:0A:E4:70:90:3C:33:15:89:83:FB:85:B9:D4:2D:F4:94:D1:80:D2:C1,73:66:5F:0F:7D:FB:12:B3:17:85:87:60:07:4B:B7:A4:A4:4B:D2:F8:D8:BC:5E:1E:5E:DA:92:D5:47:C5:FE:B0
398,blkget.com,0173A7A8BA9D32043641B69726D32A9ADFE26D16,D5:80:BD:48:35:84:98:C9:0F:4A:B8:97:E1:F0:A9:86:2A:37:4A:36:8D:C7:5E:C1:C5:59:A9:BB:87:EE:7B:CF,C2:57:95:78:39:B7:14:7B:76:08:9B:EB:58:99:30:FB:E4:1D:3E:7B:D4:F6:C2:F0:35:F3:FE:82:7D:6B:27:FA
398,blkget.com,8AFDDF4B703C39152188F7A9A62B325B43EE8D84,D5:80:BD:48:35:84:98:C9:0F:4A:B8:97:E1:F0:A9:86:2A:37:4A:36:8D:C7:5E:C1:C5:59:A9:BB:87:EE:7B:CF,C2:57:95:78:39:B7:14:7B:76:08:9B:EB:58:99:30:FB:E4:1D:3E:7B:D4:F6:C2:F0:35:F3:FE:82:7D:6B:27:FA
54,gmw.cn,9571563903DF1DE2A3CE84973AF94F485D13FAD4,C5:7D:0F:5D:FC:61:75:16:EF:D3:B9:46:5F:83:DE:4C:D1:59:72:A1:CC:55:E7:C1:35:5C:68:D9:AF:3D:90:65,7B:BD:CD:D8:EB:7D:99:F5:5F:EA:02:45:FC:08:B4:03:31:F8:90:54:6E:43:4E:7E:B4:22:6C:E3:A4:7C:43:C1
398,blkget.com,BAB9D33852DB4A326AD5FD9D8CB003E6BC74ECB4,D5:80:BD:48:35:84:98:C9:0F:4A:B8:97:E1:F0:A9:86:2A:37:4A:36:8D:C7:5E:C1:C5:59:A9:BB:87:EE:7B:CF,C2:57:95:78:39:B7:14:7B:76:08:9B:EB:58:99:30:FB:E4:1D:3E:7B:D4:F6:C2:F0:35:F3:FE:82:7D:6B:27:FA
54,gmw.cn,70BED166E0A5EE982F10FFBDDC1BC4505AAAA5DB,C5:7D:0F:5D:FC:61:75:16:EF:D3:B9:46:5F:83:DE:4C:D1:59:72:A1:CC:55:E7:C1:35:5C:68:D9:AF:3D:90:65,7B:BD:CD:D8:EB:7D:99:F5:5F:EA:02:45:FC:08:B4:03:31:F8:90:54:6E:43:4E:7E:B4:22:6C:E3:A4:7C:43:C1
494,kooora.com,9BA84E8C90083676F86C7427C8D105925F13716C,29:20:09:EE:C1:0D:A7:12:FF:5C:71:34:0A:E4:70:90:3C:33:15:89:83:FB:85:B9:D4:2D:F4:94:D1:80:D2:C1,73:66:5F:0F:7D:FB:12:B3:17:85:87:60:07:4B:B7:A4:A4:4B:D2:F8:D8:BC:5E:1E:5E:DA:92:D5:47:C5:FE:B0
404,sabah.com.tr,8AFDDF4B703C39152188F7A9A62B325B43EE8D84,48:8C:04:6F:1F:5E:4B:74:10:62:F0:77:0E:BC:7E:BA:34:94:DC:82:DE:8A:4C:A2:1A:18:4B:EE:F4:EA:6E:EC,8C:0E:78:9F:C8:67:F7:C6:31:DB:9C:C4:71:66:B4:03:8D:18:2B:D5:53:53:C1:70:B4:08:C3:20:EE:9B:17:EB
583,so-net.ne.jp,D71B1CA1C9DC7E8CA64158E106AD770A21160FEE,55:74:60:C5:E3:75:0E:74:DC:B5:4E:BD:0D:E8:96:3D:8E:A1:49:D2:7D:6E:16:73:57:EE:B1:C2:D8:9E:99:BA,89:EA:3B:39:0B:A9:19:27:36:44:41:9A:A4:28:4F:D4:85:B2:C5:59:84:D8:DD:78:E3:53:50:2B:35:01:0E:A0
404,sabah.com.tr,0173A7A8BA9D32043641B69726D32A9ADFE26D16,48:8C:04:6F:1F:5E:4B:74:10:62:F0:77:0E:BC:7E:BA:34:94:DC:82:DE:8A:4C:A2:1A:18:4B:EE:F4:EA:6E:EC,8C:0E:78:9F:C8:67:F7:C6:31:DB:9C:C4:71:66:B4:03:8D:18:2B:D5:53:53:C1:70:B4:08:C3:20:EE:9B:17:EB
583,so-net.ne.jp,37103DBFAB22FF01E9F6C0086A1BE3305BF9747D,55:74:60:C5:E3:75:0E:74:DC:B5:4E:BD:0D:E8:96:3D:8E:A1:49:D2:7D:6E:16:73:57:EE:B1:C2:D8:9E:99:BA,89:EA:3B:39:0B:A9:19:27:36:44:41:9A:A4:28:4F:D4:85:B2:C5:59:84:D8:DD:78:E3:53:50:2B:35:01:0E:A0
54,gmw.cn,5CF975A445181F803B000262765FC9EBE0F42354,C5:7D:0F:5D:FC:61:75:16:EF:D3:B9:46:5F:83:DE:4C:D1:59:72:A1:CC:55:E7:C1:35:5C:68:D9:AF:3D:90:65,7B:BD:CD:D8:EB:7D:99:F5:5F:EA:02:45:FC:08:B4:03:31:F8:90:54:6E:43:4E:7E:B4:22:6C:E3:A4:7C:43:C1
398,blkget.com,E20FF09A9A800B16C1C7C16E8C0DF95F46F649B0,D5:80:BD:48:35:84:98:C9:0F:4A:B8:97:E1:F0:A9:86:2A:37:4A:36:8D:C7:5E:C1:C5:59:A9:BB:87:EE:7B:CF,C2:57:95:78:39:B7:14:7B:76:08:9B:EB:58:99:30:FB:E4:1D:3E:7B:D4:F6:C2:F0:35:F3:FE:82:7D:6B:27:FA
494,kooora.com,4061C553CA88021B8302F0814365070AAE617270,29:20:09:EE:C1:0D:A7:12:FF:5C:71:34:0A:E4:70:90:3C:33:15:89:83:FB:85:B9:D4:2D:F4:94:D1:80:D2:C1,73:66:5F:0F:7D:FB:12:B3:17:85:87:60:07:4B:B7:A4:A4:4B:D2:F8:D8:BC:5E:1E:5E:DA:92:D5:47:C5:FE:B0
494,kooora.com,BEED64845B7199B0A16780F7A5E4B49A77CD5C98,29:20:09:EE:C1:0D:A7:12:FF:5C:71:34:0A:E4:70:90:3C:33:15:89:83:FB:85:B9:D4:2D:F4:94:D1:80:D2:C1,73:66:5F:0F:7D:FB:12:B3:17:85:87:60:07:4B:B7:A4:A4:4B:D2:F8:D8:BC:5E:1E:5E:DA:92:D5:47:C5:FE:B0
494,kooora.com,69DF3CDA1CDA460C17ECAD9D6F0C117A42384FA0,29:20:09:EE:C1:0D:A7:12:FF:5C:71:34:0A:E4:70:90:3C:33:15:89:83:FB:85:B9:D4:2D:F4:94:D1:80:D2:C1,73:66:5F:0F:7D:FB:12:B3:17:85:87:60:07:4B:B7:A4:A4:4B:D2:F8:D8:BC:5E:1E:5E:DA:92:D5:47:C5:FE:B0
398,blkget.com,2B88AAD2E601E56E5EAE82BEC38AAB0CA6EF2283,D5:80:BD:48:35:84:98:C9:0F:4A:B8:97:E1:F0:A9:86:2A:37:4A:36:8D:C7:5E:C1:C5:59:A9:BB:87:EE:7B:CF,C2:57:95:78:39:B7:14:7B:76:08:9B:EB:58:99:30:FB:E4:1D:3E:7B:D4:F6:C2:F0:35:F3:FE:82:7D:6B:27:FA
899,fanfiction.net,C974508A98446F36169FB248655BCD50DF17F14C,C2:57:95:78:39:B7:14:7B:76:08:9B:EB:58:99:30:FB:E4:1D:3E:7B:D4:F6:C2:F0:35:F3:FE:82:7D:6B:27:FA,D5:80:BD:48:35:84:98:C9:0F:4A:B8:97:E1:F0:A9:86:2A:37:4A:36:8D:C7:5E:C1:C5:59:A9:BB:87:EE:7B:CF
774,mydala.com,0B5E5E70FFEA9C7F9FFD13B8E16916A608F3E9EB,07:E4:66:9F:CC:B2:8A:65:D8:ED:8C:3C:EF:00:89:25:50:F0:A2:EE:39:99:C7:66:6D:41:A7:D8:2E:A8:86:B5,8C:54:AC:AD:3B:42:B1:34:BE:FE:A8:1A:AB:1C:65:F7:57:B9:0F:98:C9:7B:21:74:B7:8B:3C:74:6F:5D:6C:B7
583,so-net.ne.jp,3DE567C1350C0E858C6147AECB06EA9B3EAF3261,55:74:60:C5:E3:75:0E:74:DC:B5:4E:BD:0D:E8:96:3D:8E:A1:49:D2:7D:6E:16:73:57:EE:B1:C2:D8:9E:99:BA,D1:CA:FA:18:F6:EA:18:38:13:3B:DD:F5:C0:10:05:D3:4B:82:A9:6A:6A:61:89:F5:C5:90:86:2C:E1:38:CD:19
899,fanfiction.net,80EDAE98D66997EEEB690FE0FF845CC835243014,C2:57:95:78:39:B7:14:7B:76:08:9B:EB:58:99:30:FB:E4:1D:3E:7B:D4:F6:C2:F0:35:F3:FE:82:7D:6B:27:FA,D5:80:BD:48:35:84:98:C9:0F:4A:B8:97:E1:F0:A9:86:2A:37:4A:36:8D:C7:5E:C1:C5:59:A9:BB:87:EE:7B:CF
774,mydala.com,21954C79058F62F8A3C1EF5E5FC16657F924711C,07:E4:66:9F:CC:B2:8A:65:D8:ED:8C:3C:EF:00:89:25:50:F0:A2:EE:39:99:C7:66:6D:41:A7:D8:2E:A8:86:B5,27:08:C4:4D:35:C3:A6:C4:42:3D:AE:20:3D:7F:7C:BB:4A:55:B3:DC:77:4A:7B:5C:7E:31:FE:92:33:C4:29:DB
899,fanfiction.net,64D500C4D7F989ECD74B42ABB068818EF95525F3,C2:57:95:78:39:B7:14:7B:76:08:9B:EB:58:99:30:FB:E4:1D:3E:7B:D4:F6:C2:F0:35:F3:FE:82:7D:6B:27:FA,D5:80:BD:48:35:84:98:C9:0F:4A:B8:97:E1:F0:A9:86:2A:37:4A:36:8D:C7:5E:C1:C5:59:A9:BB:87:EE:7B:CF
899,fanfiction.net,C92EAF09EB7B2B6D63DB776F7A7C025075765D29,C2:57:95:78:39:B7:14:7B:76:08:9B:EB:58:99:30:FB:E4:1D:3E:7B:D4:F6:C2:F0:35:F3:FE:82:7D:6B:27:FA,D5:80:BD:48:35:84:98:C9:0F:4A:B8:97:E1:F0:A9:86:2A:37:4A:36:8D:C7:5E:C1:C5:59:A9:BB:87:EE:7B:CF
398,blkget.com,ED9CDCF0D11D47E822665DD67EB80D7CE15AA28B,D5:80:BD:48:35:84:98:C9:0F:4A:B8:97:E1:F0:A9:86:2A:37:4A:36:8D:C7:5E:C1:C5:59:A9:BB:87:EE:7B:CF,C2:57:95:78:39:B7:14:7B:76:08:9B:EB:58:99:30:FB:E4:1D:3E:7B:D4:F6:C2:F0:35:F3:FE:82:7D:6B:27:FA
899,fanfiction.net,44B9D9C24E3C04054AE0A47080CC55461A1AC116,C2:57:95:78:39:B7:14:7B:76:08:9B:EB:58:99:30:FB:E4:1D:3E:7B:D4:F6:C2:F0:35:F3:FE:82:7D:6B:27:FA,D5:80:BD:48:35:84:98:C9:0F:4A:B8:97:E1:F0:A9:86:2A:37:4A:36:8D:C7:5E:C1:C5:59:A9:BB:87:EE:7B:CF
494,kooora.com,0011BD2485AD45D984EC4159C88FC066E5E3300E,29:20:09:EE:C1:0D:A7:12:FF:5C:71:34:0A:E4:70:90:3C:33:15:89:83:FB:85:B9:D4:2D:F4:94:D1:80:D2:C1,73:66:5F:0F:7D:FB:12:B3:17:85:87:60:07:4B:B7:A4:A4:4B:D2:F8:D8:BC:5E:1E:5E:DA:92:D5:47:C5:FE:B0
899,fanfiction.net,D86A960F886A64A3C807CE9EC7982A8FC76405B2,C2:57:95:78:39:B7:14:7B:76:08:9B:EB:58:99:30:FB:E4:1D:3E:7B:D4:F6:C2:F0:35:F3:FE:82:7D:6B:27:FA,D5:80:BD:48:35:84:98:C9:0F:4A:B8:97:E1:F0:A9:86:2A:37:4A:36:8D:C7:5E:C1:C5:59:A9:BB:87:EE:7B:CF
398,blkget.com,BF6379111EC2C29C104ED0239D5709D08BC3B9EB,D5:80:BD:48:35:84:98:C9:0F:4A:B8:97:E1:F0:A9:86:2A:37:4A:36:8D:C7:5E:C1:C5:59:A9:BB:87:EE:7B:CF,C2:57:95:78:39:B7:14:7B:76:08:9B:EB:58:99:30:FB:E4:1D:3E:7B:D4:F6:C2:F0:35:F3:FE:82:7D:6B:27:FA
494,kooora.com,F1BE15429B3CE696D6807F4D4A58B1BFEC45C822,29:20:09:EE:C1:0D:A7:12:FF:5C:71:34:0A:E4:70:90:3C:33:15:89:83:FB:85:B9:D4:2D:F4:94:D1:80:D2:C1,73:66:5F:0F:7D:FB:12:B3:17:85:87:60:07:4B:B7:A4:A4:4B:D2:F8:D8:BC:5E:1E:5E:DA:92:D5:47:C5:FE:B0
404,sabah.com.tr,ED9CDCF0D11D47E822665DD67EB80D7CE15AA28B,48:8C:04:6F:1F:5E:4B:74:10:62:F0:77:0E:BC:7E:BA:34:94:DC:82:DE:8A:4C:A2:1A:18:4B:EE:F4:EA:6E:EC,8C:0E:78:9F:C8:67:F7:C6:31:DB:9C:C4:71:66:B4:03:8D:18:2B:D5:53:53:C1:70:B4:08:C3:20:EE:9B:17:EB
398,blkget.com,BEF72D507F14A6F897ECE72ACD74283F94AFD0DC,D5:80:BD:48:35:84:98:C9:0F:4A:B8:97:E1:F0:A9:86:2A:37:4A:36:8D:C7:5E:C1:C5:59:A9:BB:87:EE:7B:CF,C2:57:95:78:39:B7:14:7B:76:08:9B:EB:58:99:30:FB:E4:1D:3E:7B:D4:F6:C2:F0:35:F3:FE:82:7D:6B:27:FA
899,fanfiction.net,3F061400B6FB1F55E7F19BB3C713884D677E55B7,C2:57:95:78:39:B7:14:7B:76:08:9B:EB:58:99:30:FB:E4:1D:3E:7B:D4:F6:C2:F0:35:F3:FE:82:7D:6B:27:FA,D5:80:BD:48:35:84:98:C9:0F:4A:B8:97:E1:F0:A9:86:2A:37:4A:36:8D:C7:5E:C1:C5:59:A9:BB:87:EE:7B:CF
398,blkget.com,D30226D0F4771E93B562AC650C9093931408D8BD,D5:80:BD:48:35:84:98:C9:0F:4A:B8:97:E1:F0:A9:86:2A:37:4A:36:8D:C7:5E:C1:C5:59:A9:BB:87:EE:7B:CF,C2:57:95:78:39:B7:14:7B:76:08:9B:EB:58:99:30:FB:E4:1D:3E:7B:D4:F6:C2:F0:35:F3:FE:82:7D:6B:27:FA
404,sabah.com.tr,BEF72D507F14A6F897ECE72ACD74283F94AFD0DC,48:8C:04:6F:1F:5E:4B:74:10:62:F0:77:0E:BC:7E:BA:34:94:DC:82:DE:8A:4C:A2:1A:18:4B:EE:F4:EA:6E:EC,8C:0E:78:9F:C8:67:F7:C6:31:DB:9C:C4:71:66:B4:03:8D:18:2B:D5:53:53:C1:70:B4:08:C3:20:EE:9B:17:EB
404,sabah.com.tr,38E7B0B9E90CDAB04958950C4E3BE822B1FB6A32,48:8C:04:6F:1F:5E:4B:74:10:62:F0:77:0E:BC:7E:BA:34:94:DC:82:DE:8A:4C:A2:1A:18:4B:EE:F4:EA:6E:EC,8C:0E:78:9F:C8:67:F7:C6:31:DB:9C:C4:71:66:B4:03:8D:18:2B:D5:53:53:C1:70:B4:08:C3:20:EE:9B:17:EB
398,blkget.com,BA3C74A60F75F55DAFA2230CFE7B3723CF9136B8,D5:80:BD:48:35:84:98:C9:0F:4A:B8:97:E1:F0:A9:86:2A:37:4A:36:8D:C7:5E:C1:C5:59:A9:BB:87:EE:7B:CF,C2:57:95:78:39:B7:14:7B:76:08:9B:EB:58:99:30:FB:E4:1D:3E:7B:D4:F6:C2:F0:35:F3:FE:82:7D:6B:27:FA
583,so-net.ne.jp,E70972F8229623017581044BB10B2CEE1B7EB158,55:74:60:C5:E3:75:0E:74:DC:B5:4E:BD:0D:E8:96:3D:8E:A1:49:D2:7D:6E:16:73:57:EE:B1:C2:D8:9E:99:BA,89:EA:3B:39:0B:A9:19:27:36:44:41:9A:A4:28:4F:D4:85:B2:C5:59:84:D8:DD:78:E3:53:50:2B:35:01:0E:A0
398,blkget.com,A9F5135AE18C7E25C7C79117CD8C7619BFEB85ED,D5:80:BD:48:35:84:98:C9:0F:4A:B8:97:E1:F0:A9:86:2A:37:4A:36:8D:C7:5E:C1:C5:59:A9:BB:87:EE:7B:CF,C2:57:95:78:39:B7:14:7B:76:08:9B:EB:58:99:30:FB:E4:1D:3E:7B:D4:F6:C2:F0:35:F3:FE:82:7D:6B:27:FA
404,sabah.com.tr,A9F5135AE18C7E25C7C79117CD8C7619BFEB85ED,48:8C:04:6F:1F:5E:4B:74:10:62:F0:77:0E:BC:7E:BA:34:94:DC:82:DE:8A:4C:A2:1A:18:4B:EE:F4:EA:6E:EC,8C:0E:78:9F:C8:67:F7:C6:31:DB:9C:C4:71:66:B4:03:8D:18:2B:D5:53:53:C1:70:B4:08:C3:20:EE:9B:17:EB
583,so-net.ne.jp,9BA84E8C90083676F86C7427C8D105925F13716C,55:74:60:C5:E3:75:0E:74:DC:B5:4E:BD:0D:E8:96:3D:8E:A1:49:D2:7D:6E:16:73:57:EE:B1:C2:D8:9E:99:BA,49:D2:FB:32:8F:8D:57:42:8B:11:82:3F:4F:C4:90:A4:97:11:AD:A4:9F:5D:A5:1C:5A:FB:02:E5:D5:B1:F2:2C
398,blkget.com,3D6667EFD2B73E77D09DB4446612E315CFBB568B,D5:80:BD:48:35:84:98:C9:0F:4A:B8:97:E1:F0:A9:86:2A:37:4A:36:8D:C7:5E:C1:C5:59:A9:BB:87:EE:7B:CF,C2:57:95:78:39:B7:14:7B:76:08:9B:EB:58:99:30:FB:E4:1D:3E:7B:D4:F6:C2:F0:35:F3:FE:82:7D:6B:27:FA
494,kooora.com,8AFDDF4B703C39152188F7A9A62B325B43EE8D84,29:20:09:EE:C1:0D:A7:12:FF:5C:71:34:0A:E4:70:90:3C:33:15:89:83:FB:85:B9:D4:2D:F4:94:D1:80:D2:C1,73:66:5F:0F:7D:FB:12:B3:17:85:87:60:07:4B:B7:A4:A4:4B:D2:F8:D8:BC:5E:1E:5E:DA:92:D5:47:C5:FE:B0
583,so-net.ne.jp,05FFA39D71DA116F7669EA4EE53A0BAEA315BA7F,55:74:60:C5:E3:75:0E:74:DC:B5:4E:BD:0D:E8:96:3D:8E:A1:49:D2:7D:6E:16:73:57:EE:B1:C2:D8:9E:99:BA,49:D2:FB:32:8F:8D:57:42:8B:11:82:3F:4F:C4:90:A4:97:11:AD:A4:9F:5D:A5:1C:5A:FB:02:E5:D5:B1:F2:2C
404,sabah.com.tr,3D6667EFD2B73E77D09DB4446612E315CFBB568B,48:8C:04:6F:1F:5E:4B:74:10:62:F0:77:0E:BC:7E:BA:34:94:DC:82:DE:8A:4C:A2:1A:18:4B:EE:F4:EA:6E:EC,8C:0E:78:9F:C8:67:F7:C6:31:DB:9C:C4:71:66:B4:03:8D:18:2B:D5:53:53:C1:70:B4:08:C3:20:EE:9B:17:EB
398,blkget.com,5C2B2A7AA55C60C56B4DC0BBF7EA3919731ABA1C,D5:80:BD:48:35:84:98:C9:0F:4A:B8:97:E1:F0:A9:86:2A:37:4A:36:8D:C7:5E:C1:C5:59:A9:BB:87:EE:7B:CF,C2:57:95:78:39:B7:14:7B:76:08:9B:EB:58:99:30:FB:E4:1D:3E:7B:D4:F6:C2:F0:35:F3:FE:82:7D:6B:27:FA
398,blkget.com,6E71C7218FC230090996C0424181E0D7B3F56E97,D5:80:BD:48:35:84:98:C9:0F:4A:B8:97:E1:F0:A9:86:2A:37:4A:36:8D:C7:5E:C1:C5:59:A9:BB:87:EE:7B:CF,C2:57:95:78:39:B7:14:7B:76:08:9B:EB:58:99:30:FB:E4:1D:3E:7B:D4:F6:C2:F0:35:F3:FE:82:7D:6B:27:FA
899,fanfiction.net,3DD8340385CA96B9C1E2BADBEAA2470977F2AD23,C2:57:95:78:39:B7:14:7B:76:08:9B:EB:58:99:30:FB:E4:1D:3E:7B:D4:F6:C2:F0:35:F3:FE:82:7D:6B:27:FA,D5:80:BD:48:35:84:98:C9:0F:4A:B8:97:E1:F0:A9:86:2A:37:4A:36:8D:C7:5E:C1:C5:59:A9:BB:87:EE:7B:CF
398,blkget.com,ACA45CB6D5DF151DB88AEF666D8FECC6DDED17FA,D5:80:BD:48:35:84:98:C9:0F:4A:B8:97:E1:F0:A9:86:2A:37:4A:36:8D:C7:5E:C1:C5:59:A9:BB:87:EE:7B:CF,C2:57:95:78:39:B7:14:7B:76:08:9B:EB:58:99:30:FB:E4:1D:3E:7B:D4:F6:C2:F0:35:F3:FE:82:7D:6B:27:FA
398,blkget.com,BDA7A91FF3806DE5109FDAE74CFEFB3BABB9E10F,D5:80:BD:48:35:84:98:C9:0F:4A:B8:97:E1:F0:A9:86:2A:37:4A:36:8D:C7:5E:C1:C5:59:A9:BB:87:EE:7B:CF,C2:57:95:78:39:B7:14:7B:76:08:9B:EB:58:99:30:FB:E4:1D:3E:7B:D4:F6:C2:F0:35:F3:FE:82:7D:6B:27:FA
583,so-net.ne.jp,4061C553CA88021B8302F0814365070AAE617270,55:74:60:C5:E3:75:0E:74:DC:B5:4E:BD:0D:E8:96:3D:8E:A1:49:D2:7D:6E:16:73:57:EE:B1:C2:D8:9E:99:BA,49:D2:FB:32:8F:8D:57:42:8B:11:82:3F:4F:C4:90:A4:97:11:AD:A4:9F:5D:A5:1C:5A:FB:02:E5:D5:B1:F2:2C
404,sabah.com.tr,6E71C7218FC230090996C0424181E0D7B3F56E97,48:8C:04:6F:1F:5E:4B:74:10:62:F0:77:0E:BC:7E:BA:34:94:DC:82:DE:8A:4C:A2:1A:18:4B:EE:F4:EA:6E:EC,8C:0E:78:9F:C8:67:F7:C6:31:DB:9C:C4:71:66:B4:03:8D:18:2B:D5:53:53:C1:70:B4:08:C3:20:EE:9B:17:EB
494,kooora.com,E20FF09A9A800B16C1C7C16E8C0DF95F46F649B0,29:20:09:EE:C1:0D:A7:12:FF:5C:71:34:0A:E4:70:90:3C:33:15:89:83:FB:85:B9:D4:2D:F4:94:D1:80:D2:C1,73:66:5F:0F:7D:FB:12:B3:17:85:87:60:07:4B:B7:A4:A4:4B:D2:F8:D8:BC:5E:1E:5E:DA:92:D5:47:C5:FE:B0
398,blkget.com,0DA9BD201766EDB19F57F49F1A013A8A5432C008,D5:80:BD:48:35:84:98:C9:0F:4A:B8:97:E1:F0:A9:86:2A:37:4A:36:8D:C7:5E:C1:C5:59:A9:BB:87:EE:7B:CF,C2:57:95:78:39:B7:14:7B:76:08:9B:EB:58:99:30:FB:E4:1D:3E:7B:D4:F6:C2:F0:35:F3:FE:82:7D:6B:27:FA
398,blkget.com,7EEB8E2BF7B6AC63B3159810CDABCFF8D049E6CF,D5:80:BD:48:35:84:98:C9:0F:4A:B8:97:E1:F0:A9:86:2A:37:4A:36:8D:C7:5E:C1:C5:59:A9:BB:87:EE:7B:CF,C2:57:95:78:39:B7:14:7B:76:08:9B:EB:58:99:30:FB:E4:1D:3E:7B:D4:F6:C2:F0:35:F3:FE:82:7D:6B:27:FA
398,blkget.com,4BC48E7AE7F6D14C49BF048E2F7AE734E8D9E0E7,D5:80:BD:48:35:84:98:C9:0F:4A:B8:97:E1:F0:A9:86:2A:37:4A:36:8D:C7:5E:C1:C5:59:A9:BB:87:EE:7B:CF,C2:57:95:78:39:B7:14:7B:76:08:9B:EB:58:99:30:FB:E4:1D:3E:7B:D4:F6:C2:F0:35:F3:FE:82:7D:6B:27:FA
494,kooora.com,8D152EFAEDCB0C3B6BE29234C292F663ED413760,29:20:09:EE:C1:0D:A7:12:FF:5C:71:34:0A:E4:70:90:3C:33:15:89:83:FB:85:B9:D4:2D:F4:94:D1:80:D2:C1,73:66:5F:0F:7D:FB:12:B3:17:85:87:60:07:4B:B7:A4:A4:4B:D2:F8:D8:BC:5E:1E:5E:DA:92:D5:47:C5:FE:B0
494,kooora.com,FDA11F5CEE351E9B0FF6BF80503ABB7AB321E65E,29:20:09:EE:C1:0D:A7:12:FF:5C:71:34:0A:E4:70:90:3C:33:15:89:83:FB:85:B9:D4:2D:F4:94:D1:80:D2:C1,73:66:5F:0F:7D:FB:12:B3:17:85:87:60:07:4B:B7:A4:A4:4B:D2:F8:D8:BC:5E:1E:5E:DA:92:D5:47:C5:FE:B0
404,sabah.com.tr,4BC48E7AE7F6D14C49BF048E2F7AE734E8D9E0E7,48:8C:04:6F:1F:5E:4B:74:10:62:F0:77:0E:BC:7E:BA:34:94:DC:82:DE:8A:4C:A2:1A:18:4B:EE:F4:EA:6E:EC,8C:0E:78:9F:C8:67:F7:C6:31:DB:9C:C4:71:66:B4:03:8D:18:2B:D5:53:53:C1:70:B4:08:C3:20:EE:9B:17:EB
398,blkget.com,518FF8708698E1DA09C823C36D35DF89A2CAD956,D5:80:BD:48:35:84:98:C9:0F:4A:B8:97:E1:F0:A9:86:2A:37:4A:36:8D:C7:5E:C1:C5:59:A9:BB:87:EE:7B:CF,C2:57:95:78:39:B7:14:7B:76:08:9B:EB:58:99:30:FB:E4:1D:3E:7B:D4:F6:C2:F0:35:F3:FE:82:7D:6B:27:FA
494,kooora.com,2B88AAD2E601E56E5EAE82BEC38AAB0CA6EF2283,29:20:09:EE:C1:0D:A7:12:FF:5C:71:34:0A:E4:70:90:3C:33:15:89:83:FB:85:B9:D4:2D:F4:94:D1:80:D2:C1,73:66:5F:0F:7D:FB:12:B3:17:85:87:60:07:4B:B7:A4:A4:4B:D2:F8:D8:BC:5E:1E:5E:DA:92:D5:47:C5:FE:B0
494,kooora.com,BEF72D507F14A6F897ECE72ACD74283F94AFD0DC,29:20:09:EE:C1:0D:A7:12:FF:5C:71:34:0A:E4:70:90:3C:33:15:89:83:FB:85:B9:D4:2D:F4:94:D1:80:D2:C1,73:66:5F:0F:7D:FB:12:B3:17:85:87:60:07:4B:B7:A4:A4:4B:D2:F8:D8:BC:5E:1E:5E:DA:92:D5:47:C5:FE:B0
404,sabah.com.tr,518FF8708698E1DA09C823C36D35DF89A2CAD956,48:8C:04:6F:1F:5E:4B:74:10:62:F0:77:0E:BC:7E:BA:34:94:DC:82:DE:8A:4C:A2:1A:18:4B:EE:F4:EA:6E:EC,8C:0E:78:9F:C8:67:F7:C6:31:DB:9C:C4:71:66:B4:03:8D:18:2B:D5:53:53:C1:70:B4:08:C3:20:EE:9B:17:EB
398,blkget.com,276A7ACA7515E90ABB2AB36D4F3421B1C7FB4501,D5:80:BD:48:35:84:98:C9:0F:4A:B8:97:E1:F0:A9:86:2A:37:4A:36:8D:C7:5E:C1:C5:59:A9:BB:87:EE:7B:CF,C2:57:95:78:39:B7:14:7B:76:08:9B:EB:58:99:30:FB:E4:1D:3E:7B:D4:F6:C2:F0:35:F3:FE:82:7D:6B:27:FA
494,kooora.com,ED9CDCF0D11D47E822665DD67EB80D7CE15AA28B,29:20:09:EE:C1:0D:A7:12:FF:5C:71:34:0A:E4:70:90:3C:33:15:89:83:FB:85:B9:D4:2D:F4:94:D1:80:D2:C1,73:66:5F:0F:7D:FB:12:B3:17:85:87:60:07:4B:B7:A4:A4:4B:D2:F8:D8:BC:5E:1E:5E:DA:92:D5:47:C5:FE:B0
774,mydala.com,78EBA3F8933A0F596B43A7DBD794C5630F5B587D,07:E4:66:9F:CC:B2:8A:65:D8:ED:8C:3C:EF:00:89:25:50:F0:A2:EE:39:99:C7:66:6D:41:A7:D8:2E:A8:86:B5,48:52:92:E6:05:8C:ED:A1:70:B1:AE:32:F4:27:EF:F9:F7:80:DE:F6:C2:74:08:9B:CD:EA:7E:46:64:ED:BE:7B
583,so-net.ne.jp,F1BE15429B3CE696D6807F4D4A58B1BFEC45C822,55:74:60:C5:E3:75:0E:74:DC:B5:4E:BD:0D:E8:96:3D:8E:A1:49:D2:7D:6E:16:73:57:EE:B1:C2:D8:9E:99:BA,89:EA:3B:39:0B:A9:19:27:36:44:41:9A:A4:28:4F:D4:85:B2:C5:59:84:D8:DD:78:E3:53:50:2B:35:01:0E:A0
774,mydala.com,6B697F3FF04C26123466A5C0E5D1F8D91925967A,07:E4:66:9F:CC:B2:8A:65:D8:ED:8C:3C:EF:00:89:25:50:F0:A2:EE:39:99:C7:66:6D:41:A7:D8:2E:A8:86:B5,48:52:92:E6:05:8C:ED:A1:70:B1:AE:32:F4:27:EF:F9:F7:80:DE:F6:C2:74:08:9B:CD:EA:7E:46:64:ED:BE:7B
398,blkget.com,507AA02663BA7DD22B394267AEFF9E57FD14B559,D5:80:BD:48:35:84:98:C9:0F:4A:B8:97:E1:F0:A9:86:2A:37:4A:36:8D:C7:5E:C1:C5:59:A9:BB:87:EE:7B:CF,C2:57:95:78:39:B7:14:7B:76:08:9B:EB:58:99:30:FB:E4:1D:3E:7B:D4:F6:C2:F0:35:F3:FE:82:7D:6B:27:FA
494,kooora.com,A9F5135AE18C7E25C7C79117CD8C7619BFEB85ED,29:20:09:EE:C1:0D:A7:12:FF:5C:71:34:0A:E4:70:90:3C:33:15:89:83:FB:85:B9:D4:2D:F4:94:D1:80:D2:C1,73:66:5F:0F:7D:FB:12:B3:17:85:87:60:07:4B:B7:A4:A4:4B:D2:F8:D8:BC:5E:1E:5E:DA:92:D5:47:C5:FE:B0
398,blkget.com,2B44FD1742D26E4F28D4CACF1F0CF8A686270E45,D5:80:BD:48:35:84:98:C9:0F:4A:B8:97:E1:F0:A9:86:2A:37:4A:36:8D:C7:5E:C1:C5:59:A9:BB:87:EE:7B:CF,C2:57:95:78:39:B7:14:7B:76:08:9B:EB:58:99:30:FB:E4:1D:3E:7B:D4:F6:C2:F0:35:F3:FE:82:7D:6B:27:FA
398,blkget.com,C92C5913D70F7ADF473165020A690F4A68156887,D5:80:BD:48:35:84:98:C9:0F:4A:B8:97:E1:F0:A9:86:2A:37:4A:36:8D:C7:5E:C1:C5:59:A9:BB:87:EE:7B:CF,C2:57:95:78:39:B7:14:7B:76:08:9B:EB:58:99:30:FB:E4:1D:3E:7B:D4:F6:C2:F0:35:F3:FE:82:7D:6B:27:FA
398,blkget.com,B4F883DB3D478C7AE569C9F6CB766FD58650DC6A,D5:80:BD:48:35:84:98:C9:0F:4A:B8:97:E1:F0:A9:86:2A:37:4A:36:8D:C7:5E:C1:C5:59:A9:BB:87:EE:7B:CF,C2:57:95:78:39:B7:14:7B:76:08:9B:EB:58:99:30:FB:E4:1D:3E:7B:D4:F6:C2:F0:35:F3:FE:82:7D:6B:27:FA
494,kooora.com,BA3C74A60F75F55DAFA2230CFE7B3723CF9136B8,29:20:09:EE:C1:0D:A7:12:FF:5C:71:34:0A:E4:70:90:3C:33:15:89:83:FB:85:B9:D4:2D:F4:94:D1:80:D2:C1,73:66:5F:0F:7D:FB:12:B3:17:85:87:60:07:4B:B7:A4:A4:4B:D2:F8:D8:BC:5E:1E:5E:DA:92:D5:47:C5:FE:B0
774,mydala.com,C936EF88A118014172ADB0AAA1A2BD31E9AF0F85,07:E4:66:9F:CC:B2:8A:65:D8:ED:8C:3C:EF:00:89:25:50:F0:A2:EE:39:99:C7:66:6D:41:A7:D8:2E:A8:86:B5,27:08:C4:4D:35:C3:A6:C4:42:3D:AE:20:3D:7F:7C:BB:4A:55:B3:DC:77:4A:7B:5C:7E:31:FE:92:33:C4:29:DB
404,sabah.com.tr,B4F883DB3D478C7AE569C9F6CB766FD58650DC6A,48:8C:04:6F:1F:5E:4B:74:10:62:F0:77:0E:BC:7E:BA:34:94:DC:82:DE:8A:4C:A2:1A:18:4B:EE:F4:EA:6E:EC,8C:0E:78:9F:C8:67:F7:C6:31:DB:9C:C4:71:66:B4:03:8D:18:2B:D5:53:53:C1:70:B4:08:C3:20:EE:9B:17:EB
398,blkget.com,746BE73579F274AFEFA5E12C4ADACD53784D0762,D5:80:BD:48:35:84:98:C9:0F:4A:B8:97:E1:F0:A9:86:2A:37:4A:36:8D:C7:5E:C1:C5:59:A9:BB:87:EE:7B:CF,C2:57:95:78:39:B7:14:7B:76:08:9B:EB:58:99:30:FB:E4:1D:3E:7B:D4:F6:C2:F0:35:F3:FE:82:7D:6B:27:FA
398,blkget.com,99A3A8DFE37C8397A18D2A08D7335FAF2DC3290D,D5:80:BD:48:35:84:98:C9:0F:4A:B8:97:E1:F0:A9:86:2A:37:4A:36:8D:C7:5E:C1:C5:59:A9:BB:87:EE:7B:CF,C2:57:95:78:39:B7:14:7B:76:08:9B:EB:58:99:30:FB:E4:1D:3E:7B:D4:F6:C2:F0:35:F3:FE:82:7D:6B:27:FA
404,sabah.com.tr,746BE73579F274AFEFA5E12C4ADACD53784D0762,48:8C:04:6F:1F:5E:4B:74:10:62:F0:77:0E:BC:7E:BA:34:94:DC:82:DE:8A:4C:A2:1A:18:4B:EE:F4:EA:6E:EC,8C:0E:78:9F:C8:67:F7:C6:31:DB:9C:C4:71:66:B4:03:8D:18:2B:D5:53:53:C1:70:B4:08:C3:20:EE:9B:17:EB
583,so-net.ne.jp,98473936F2257E53BB4397382CA53C26C6DA2EA1,55:74:60:C5:E3:75:0E:74:DC:B5:4E:BD:0D:E8:96:3D:8E:A1:49:D2:7D:6E:16:73:57:EE:B1:C2:D8:9E:99:BA,49:D2:FB:32:8F:8D:57:42:8B:11:82:3F:4F:C4:90:A4:97:11:AD:A4:9F:5D:A5:1C:5A:FB:02:E5:D5:B1:F2:2C
494,kooora.com,6E71C7218FC230090996C0424181E0D7B3F56E97,29:20:09:EE:C1:0D:A7:12:FF:5C:71:34:0A:E4:70:90:3C:33:15:89:83:FB:85:B9:D4:2D:F4:94:D1:80:D2:C1,73:66:5F:0F:7D:FB:12:B3:17:85:87:60:07:4B:B7:A4:A4:4B:D2:F8:D8:BC:5E:1E:5E:DA:92:D5:47:C5:FE:B0
404,sabah.com.tr,99A3A8DFE37C8397A18D2A08D7335FAF2DC3290D,48:8C:04:6F:1F:5E:4B:74:10:62:F0:77:0E:BC:7E:BA:34:94:DC:82:DE:8A:4C:A2:1A:18:4B:EE:F4:EA:6E:EC,8C:0E:78:9F:C8:67:F7:C6:31:DB:9C:C4:71:66:B4:03:8D:18:2B:D5:53:53:C1:70:B4:08:C3:20:EE:9B:17:EB
494,kooora.com,ACA45CB6D5DF151DB88AEF666D8FECC6DDED17FA,29:20:09:EE:C1:0D:A7:12:FF:5C:71:34:0A:E4:70:90:3C:33:15:89:83:FB:85:B9:D4:2D:F4:94:D1:80:D2:C1,73:66:5F:0F:7D:FB:12:B3:17:85:87:60:07:4B:B7:A4:A4:4B:D2:F8:D8:BC:5E:1E:5E:DA:92:D5:47:C5:FE:B0
494,kooora.com,BDA7A91FF3806DE5109FDAE74CFEFB3BABB9E10F,29:20:09:EE:C1:0D:A7:12:FF:5C:71:34:0A:E4:70:90:3C:33:15:89:83:FB:85:B9:D4:2D:F4:94:D1:80:D2:C1,73:66:5F:0F:7D:FB:12:B3:17:85:87:60:07:4B:B7:A4:A4:4B:D2:F8:D8:BC:5E:1E:5E:DA:92:D5:47:C5:FE:B0
494,kooora.com,3D6667EFD2B73E77D09DB4446612E315CFBB568B,29:20:09:EE:C1:0D:A7:12:FF:5C:71:34:0A:E4:70:90:3C:33:15:89:83:FB:85:B9:D4:2D:F4:94:D1:80:D2:C1,73:66:5F:0F:7D:FB:12:B3:17:85:87:60:07:4B:B7:A4:A4:4B:D2:F8:D8:BC:5E:1E:5E:DA:92:D5:47:C5:FE:B0
583,so-net.ne.jp,ED88BC204397095C6E73A0D863CB4D0FF16CBEAF,55:74:60:C5:E3:75:0E:74:DC:B5:4E:BD:0D:E8:96:3D:8E:A1:49:D2:7D:6E:16:73:57:EE:B1:C2:D8:9E:99:BA,49:D2:FB:32:8F:8D:57:42:8B:11:82:3F:4F:C4:90:A4:97:11:AD:A4:9F:5D:A5:1C:5A:FB:02:E5:D5:B1:F2:2C
494,kooora.com,AFC330AC8E34AF83590AA8BB442DD5B635EF0458,29:20:09:EE:C1:0D:A7:12:FF:5C:71:34:0A:E4:70:90:3C:33:15:89:83:FB:85:B9:D4:2D:F4:94:D1:80:D2:C1,73:66:5F:0F:7D:FB:12:B3:17:85:87:60:07:4B:B7:A4:A4:4B:D2:F8:D8:BC:5E:1E:5E:DA:92:D5:47:C5:FE:B0
494,kooora.com,7EEB8E2BF7B6AC63B3159810CDABCFF8D049E6CF,29:20:09:EE:C1:0D:A7:12:FF:5C:71:34:0A:E4:70:90:3C:33:15:89:83:FB:85:B9:D4:2D:F4:94:D1:80:D2:C1,73:66:5F:0F:7D:FB:12:B3:17:85:87:60:07:4B:B7:A4:A4:4B:D2:F8:D8:BC:5E:1E:5E:DA:92:D5:47:C5:FE:B0
1052,backpage.com,D86A960F886A64A3C807CE9EC7982A8FC76405B2,C0:1E:43:C6:57:2F:94:05:22:C0:F5:04:3D:C8:54:08:C6:DF:0F:1C:F5:43:36:3E:61:8E:30:B1:F3:5C:B8:94,D5:80:BD:48:35:84:98:C9:0F:4A:B8:97:E1:F0:A9:86:2A:37:4A:36:8D:C7:5E:C1:C5:59:A9:BB:87:EE:7B:CF
494,kooora.com,0DA9BD201766EDB19F57F49F1A013A8A5432C008,29:20:09:EE:C1:0D:A7:12:FF:5C:71:34:0A:E4:70:90:3C:33:15:89:83:FB:85:B9:D4:2D:F4:94:D1:80:D2:C1,73:66:5F:0F:7D:FB:12:B3:17:85:87:60:07:4B:B7:A4:A4:4B:D2:F8:D8:BC:5E:1E:5E:DA:92:D5:47:C5:FE:B0
398,blkget.com,69620419A3D0077272B2EA3952A1F46880FDFAE5,D5:80:BD:48:35:84:98:C9:0F:4A:B8:97:E1:F0:A9:86:2A:37:4A:36:8D:C7:5E:C1:C5:59:A9:BB:87:EE:7B:CF,C2:57:95:78:39:B7:14:7B:76:08:9B:EB:58:99:30:FB:E4:1D:3E:7B:D4:F6:C2:F0:35:F3:FE:82:7D:6B:27:FA
583,so-net.ne.jp,BF6379111EC2C29C104ED0239D5709D08BC3B9EB,55:74:60:C5:E3:75:0E:74:DC:B5:4E:BD:0D:E8:96:3D:8E:A1:49:D2:7D:6E:16:73:57:EE:B1:C2:D8:9E:99:BA,49:D2:FB:32:8F:8D:57:42:8B:11:82:3F:4F:C4:90:A4:97:11:AD:A4:9F:5D:A5:1C:5A:FB:02:E5:D5:B1:F2:2C
398,blkget.com,3BADB3EFFB87534736BFAC9A2024AB78401BDBC3,D5:80:BD:48:35:84:98:C9:0F:4A:B8:97:E1:F0:A9:86:2A:37:4A:36:8D:C7:5E:C1:C5:59:A9:BB:87:EE:7B:CF,C2:57:95:78:39:B7:14:7B:76:08:9B:EB:58:99:30:FB:E4:1D:3E:7B:D4:F6:C2:F0:35:F3:FE:82:7D:6B:27:FA
583,so-net.ne.jp,E20FF09A9A800B16C1C7C16E8C0DF95F46F649B0,55:74:60:C5:E3:75:0E:74:DC:B5:4E:BD:0D:E8:96:3D:8E:A1:49:D2:7D:6E:16:73:57:EE:B1:C2:D8:9E:99:BA,D1:CA:FA:18:F6:EA:18:38:13:3B:DD:F5:C0:10:05:D3:4B:82:A9:6A:6A:61:89:F5:C5:90:86:2C:E1:38:CD:19
774,mydala.com,37103DBFAB22FF01E9F6C0086A1BE3305BF9747D,07:E4:66:9F:CC:B2:8A:65:D8:ED:8C:3C:EF:00:89:25:50:F0:A2:EE:39:99:C7:66:6D:41:A7:D8:2E:A8:86:B5,48:52:92:E6:05:8C:ED:A1:70:B1:AE:32:F4:27:EF:F9:F7:80:DE:F6:C2:74:08:9B:CD:EA:7E:46:64:ED:BE:7B
404,sabah.com.tr,69620419A3D0077272B2EA3952A1F46880FDFAE5,48:8C:04:6F:1F:5E:4B:74:10:62:F0:77:0E:BC:7E:BA:34:94:DC:82:DE:8A:4C:A2:1A:18:4B:EE:F4:EA:6E:EC,8C:0E:78:9F:C8:67:F7:C6:31:DB:9C:C4:71:66:B4:03:8D:18:2B:D5:53:53:C1:70:B4:08:C3:20:EE:9B:17:EB
404,sabah.com.tr,5CF975A445181F803B000262765FC9EBE0F42354,48:8C:04:6F:1F:5E:4B:74:10:62:F0:77:0E:BC:7E:BA:34:94:DC:82:DE:8A:4C:A2:1A:18:4B:EE:F4:EA:6E:EC,8C:0E:78:9F:C8:67:F7:C6:31:DB:9C:C4:71:66:B4:03:8D:18:2B:D5:53:53:C1:70:B4:08:C3:20:EE:9B:17:EB
404,sabah.com.tr,3BADB3EFFB87534736BFAC9A2024AB78401BDBC3,48:8C:04:6F:1F:5E:4B:74:10:62:F0:77:0E:BC:7E:BA:34:94:DC:82:DE:8A:4C:A2:1A:18:4B:EE:F4:EA:6E:EC,8C:0E:78:9F:C8:67:F7:C6:31:DB:9C:C4:71:66:B4:03:8D:18:2B:D5:53:53:C1:70:B4:08:C3:20:EE:9B:17:EB
774,mydala.com,9BA84E8C90083676F86C7427C8D105925F13716C,07:E4:66:9F:CC:B2:8A:65:D8:ED:8C:3C:EF:00:89:25:50:F0:A2:EE:39:99:C7:66:6D:41:A7:D8:2E:A8:86:B5,8C:54:AC:AD:3B:42:B1:34:BE:FE:A8:1A:AB:1C:65:F7:57:B9:0F:98:C9:7B:21:74:B7:8B:3C:74:6F:5D:6C:B7
494,kooora.com,4BC48E7AE7F6D14C49BF048E2F7AE734E8D9E0E7,29:20:09:EE:C1:0D:A7:12:FF:5C:71:34:0A:E4:70:90:3C:33:15:89:83:FB:85:B9:D4:2D:F4:94:D1:80:D2:C1,73:66:5F:0F:7D:FB:12:B3:17:85:87:60:07:4B:B7:A4:A4:4B:D2:F8:D8:BC:5E:1E:5E:DA:92:D5:47:C5:FE:B0
583,so-net.ne.jp,A9F5135AE18C7E25C7C79117CD8C7619BFEB85ED,55:74:60:C5:E3:75:0E:74:DC:B5:4E:BD:0D:E8:96:3D:8E:A1:49:D2:7D:6E:16:73:57:EE:B1:C2:D8:9E:99:BA,49:D2:FB:32:8F:8D:57:42:8B:11:82:3F:4F:C4:90:A4:97:11:AD:A4:9F:5D:A5:1C:5A:FB:02:E5:D5:B1:F2:2C
404,sabah.com.tr,D7952C820DAEC851041D2023E35E40B5A607E20A,48:8C:04:6F:1F:5E:4B:74:10:62:F0:77:0E:BC:7E:BA:34:94:DC:82:DE:8A:4C:A2:1A:18:4B:EE:F4:EA:6E:EC,8C:0E:78:9F:C8:67:F7:C6:31:DB:9C:C4:71:66:B4:03:8D:18:2B:D5:53:53:C1:70:B4:08:C3:20:EE:9B:17:EB
404,sabah.com.tr,FA4E22CFC0802D6738837DE980AFC7199F7DB040,48:8C:04:6F:1F:5E:4B:74:10:62:F0:77:0E:BC:7E:BA:34:94:DC:82:DE:8A:4C:A2:1A:18:4B:EE:F4:EA:6E:EC,8C:0E:78:9F:C8:67:F7:C6:31:DB:9C:C4:71:66:B4:03:8D:18:2B:D5:53:53:C1:70:B4:08:C3:20:EE:9B:17:EB
774,mydala.com,6C06DE1ACF07A999C59E506F0E46F08AC57B5190,07:E4:66:9F:CC:B2:8A:65:D8:ED:8C:3C:EF:00:89:25:50:F0:A2:EE:39:99:C7:66:6D:41:A7:D8:2E:A8:86:B5,48:52:92:E6:05:8C:ED:A1:70:B1:AE:32:F4:27:EF:F9:F7:80:DE:F6:C2:74:08:9B:CD:EA:7E:46:64:ED:BE:7B
494,kooora.com,2B44FD1742D26E4F28D4CACF1F0CF8A686270E45,29:20:09:EE:C1:0D:A7:12:FF:5C:71:34:0A:E4:70:90:3C:33:15:89:83:FB:85:B9:D4:2D:F4:94:D1:80:D2:C1,73:66:5F:0F:7D:FB:12:B3:17:85:87:60:07:4B:B7:A4:A4:4B:D2:F8:D8:BC:5E:1E:5E:DA:92:D5:47:C5:FE:B0
494,kooora.com,507AA02663BA7DD22B394267AEFF9E57FD14B559,29:20:09:EE:C1:0D:A7:12:FF:5C:71:34:0A:E4:70:90:3C:33:15:89:83:FB:85:B9:D4:2D:F4:94:D1:80:D2:C1,73:66:5F:0F:7D:FB:12:B3:17:85:87:60:07:4B:B7:A4:A4:4B:D2:F8:D8:BC:5E:1E:5E:DA:92:D5:47:C5:FE:B0
583,so-net.ne.jp,2B88AAD2E601E56E5EAE82BEC38AAB0CA6EF2283,55:74:60:C5:E3:75:0E:74:DC:B5:4E:BD:0D:E8:96:3D:8E:A1:49:D2:7D:6E:16:73:57:EE:B1:C2:D8:9E:99:BA,89:EA:3B:39:0B:A9:19:27:36:44:41:9A:A4:28:4F:D4:85:B2:C5:59:84:D8:DD:78:E3:53:50:2B:35:01:0E:A0
494,kooora.com,C92C5913D70F7ADF473165020A690F4A68156887,29:20:09:EE:C1:0D:A7:12:FF:5C:71:34:0A:E4:70:90:3C:33:15:89:83:FB:85:B9:D4:2D:F4:94:D1:80:D2:C1,73:66:5F:0F:7D:FB:12:B3:17:85:87:60:07:4B:B7:A4:A4:4B:D2:F8:D8:BC:5E:1E:5E:DA:92:D5:47:C5:FE:B0
398,blkget.com,EDE513281CBBC0ACA9FF6807BA2DC2A8FBA63C08,D5:80:BD:48:35:84:98:C9:0F:4A:B8:97:E1:F0:A9:86:2A:37:4A:36:8D:C7:5E:C1:C5:59:A9:BB:87:EE:7B:CF,C2:57:95:78:39:B7:14:7B:76:08:9B:EB:58:99:30:FB:E4:1D:3E:7B:D4:F6:C2:F0:35:F3:FE:82:7D:6B:27:FA
583,so-net.ne.jp,6E71C7218FC230090996C0424181E0D7B3F56E97,55:74:60:C5:E3:75:0E:74:DC:B5:4E:BD:0D:E8:96:3D:8E:A1:49:D2:7D:6E:16:73:57:EE:B1:C2:D8:9E:99:BA,D1:CA:FA:18:F6:EA:18:38:13:3B:DD:F5:C0:10:05:D3:4B:82:A9:6A:6A:61:89:F5:C5:90:86:2C:E1:38:CD:19
583,so-net.ne.jp,5C2B2A7AA55C60C56B4DC0BBF7EA3919731ABA1C,55:74:60:C5:E3:75:0E:74:DC:B5:4E:BD:0D:E8:96:3D:8E:A1:49:D2:7D:6E:16:73:57:EE:B1:C2:D8:9E:99:BA,D1:CA:FA:18:F6:EA:18:38:13:3B:DD:F5:C0:10:05:D3:4B:82:A9:6A:6A:61:89:F5:C5:90:86:2C:E1:38:CD:19
583,so-net.ne.jp,ACA45CB6D5DF151DB88AEF666D8FECC6DDED17FA,55:74:60:C5:E3:75:0E:74:DC:B5:4E:BD:0D:E8:96:3D:8E:A1:49:D2:7D:6E:16:73:57:EE:B1:C2:D8:9E:99:BA,49:D2:FB:32:8F:8D:57:42:8B:11:82:3F:4F:C4:90:A4:97:11:AD:A4:9F:5D:A5:1C:5A:FB:02:E5:D5:B1:F2:2C
774,mydala.com,FD6ED21997FA48AF96BD1D39BCF228892BF8D700,07:E4:66:9F:CC:B2:8A:65:D8:ED:8C:3C:EF:00:89:25:50:F0:A2:EE:39:99:C7:66:6D:41:A7:D8:2E:A8:86:B5,8C:54:AC:AD:3B:42:B1:34:BE:FE:A8:1A:AB:1C:65:F7:57:B9:0F:98:C9:7B:21:74:B7:8B:3C:74:6F:5D:6C:B7
398,blkget.com,32F88CDFF79811C419339FE9F78221D544DD993F,D5:80:BD:48:35:84:98:C9:0F:4A:B8:97:E1:F0:A9:86:2A:37:4A:36:8D:C7:5E:C1:C5:59:A9:BB:87:EE:7B:CF,C2:57:95:78:39:B7:14:7B:76:08:9B:EB:58:99:30:FB:E4:1D:3E:7B:D4:F6:C2:F0:35:F3:FE:82:7D:6B:27:FA
583,so-net.ne.jp,BDA7A91FF3806DE5109FDAE74CFEFB3BABB9E10F,55:74:60:C5:E3:75:0E:74:DC:B5:4E:BD:0D:E8:96:3D:8E:A1:49:D2:7D:6E:16:73:57:EE:B1:C2:D8:9E:99:BA,D1:CA:FA:18:F6:EA:18:38:13:3B:DD:F5:C0:10:05:D3:4B:82:A9:6A:6A:61:89:F5:C5:90:86:2C:E1:38:CD:19
774,mydala.com,69DF3CDA1CDA460C17ECAD9D6F0C117A42384FA0,07:E4:66:9F:CC:B2:8A:65:D8:ED:8C:3C:EF:00:89:25:50:F0:A2:EE:39:99:C7:66:6D:41:A7:D8:2E:A8:86:B5,27:08:C4:4D:35:C3:A6:C4:42:3D:AE:20:3D:7F:7C:BB:4A:55:B3:DC:77:4A:7B:5C:7E:31:FE:92:33:C4:29:DB
398,blkget.com,EEE4C38F5C6DB75F0436FDC6E0E96D6212412C6F,D5:80:BD:48:35:84:98:C9:0F:4A:B8:97:E1:F0:A9:86:2A:37:4A:36:8D:C7:5E:C1:C5:59:A9:BB:87:EE:7B:CF,C2:57:95:78:39:B7:14:7B:76:08:9B:EB:58:99:30:FB:E4:1D:3E:7B:D4:F6:C2:F0:35:F3:FE:82:7D:6B:27:FA
583,so-net.ne.jp,6B1E001929AF4DDBB747D02EC28340792B7724A6,55:74:60:C5:E3:75:0E:74:DC:B5:4E:BD:0D:E8:96:3D:8E:A1:49:D2:7D:6E:16:73:57:EE:B1:C2:D8:9E:99:BA,D1:CA:FA:18:F6:EA:18:38:13:3B:DD:F5:C0:10:05:D3:4B:82:A9:6A:6A:61:89:F5:C5:90:86:2C:E1:38:CD:19
398,blkget.com,D21FF8DA36187C9A083736868D173665FBAB4817,D5:80:BD:48:35:84:98:C9:0F:4A:B8:97:E1:F0:A9:86:2A:37:4A:36:8D:C7:5E:C1:C5:59:A9:BB:87:EE:7B:CF,C2:57:95:78:39:B7:14:7B:76:08:9B:EB:58:99:30:FB:E4:1D:3E:7B:D4:F6:C2:F0:35:F3:FE:82:7D:6B:27:FA
899,fanfiction.net,22F74E176F803499D4F80D9CE7D325883A8C0E45,C2:57:95:78:39:B7:14:7B:76:08:9B:EB:58:99:30:FB:E4:1D:3E:7B:D4:F6:C2:F0:35:F3:FE:82:7D:6B:27:FA,D5:80:BD:48:35:84:98:C9:0F:4A:B8:97:E1:F0:A9:86:2A:37:4A:36:8D:C7:5E:C1:C5:59:A9:BB:87:EE:7B:CF
398,blkget.com,33B75C5A9CA20141B12C738205224851A8C86E90,D5:80:BD:48:35:84:98:C9:0F:4A:B8:97:E1:F0:A9:86:2A:37:4A:36:8D:C7:5E:C1:C5:59:A9:BB:87:EE:7B:CF,C2:57:95:78:39:B7:14:7B:76:08:9B:EB:58:99:30:FB:E4:1D:3E:7B:D4:F6:C2:F0:35:F3:FE:82:7D:6B:27:FA
899,fanfiction.net,C936EF88A118014172ADB0AAA1A2BD31E9AF0F85,C2:57:95:78:39:B7:14:7B:76:08:9B:EB:58:99:30:FB:E4:1D:3E:7B:D4:F6:C2:F0:35:F3:FE:82:7D:6B:27:FA,D5:80:BD:48:35:84:98:C9:0F:4A:B8:97:E1:F0:A9:86:2A:37:4A:36:8D:C7:5E:C1:C5:59:A9:BB:87:EE:7B:CF
774,mydala.com,8AFDDF4B703C39152188F7A9A62B325B43EE8D84,07:E4:66:9F:CC:B2:8A:65:D8:ED:8C:3C:EF:00:89:25:50:F0:A2:EE:39:99:C7:66:6D:41:A7:D8:2E:A8:86:B5,8C:54:AC:AD:3B:42:B1:34:BE:FE:A8:1A:AB:1C:65:F7:57:B9:0F:98:C9:7B:21:74:B7:8B:3C:74:6F:5D:6C:B7
398,blkget.com,2C4E15CD40EE3D2D6F062F04ADFE9B85C8C3C52B,D5:80:BD:48:35:84:98:C9:0F:4A:B8:97:E1:F0:A9:86:2A:37:4A:36:8D:C7:5E:C1:C5:59:A9:BB:87:EE:7B:CF,C2:57:95:78:39:B7:14:7B:76:08:9B:EB:58:99:30:FB:E4:1D:3E:7B:D4:F6:C2:F0:35:F3:FE:82:7D:6B:27:FA
494,kooora.com,2B31EF9EBA4012643CB21126E1EC41B60C3EC45E,29:20:09:EE:C1:0D:A7:12:FF:5C:71:34:0A:E4:70:90:3C:33:15:89:83:FB:85:B9:D4:2D:F4:94:D1:80:D2:C1,73:66:5F:0F:7D:FB:12:B3:17:85:87:60:07:4B:B7:A4:A4:4B:D2:F8:D8:BC:5E:1E:5E:DA:92:D5:47:C5:FE:B0
398,blkget.com,70BED166E0A5EE982F10FFBDDC1BC4505AAAA5DB,D5:80:BD:48:35:84:98:C9:0F:4A:B8:97:E1:F0:A9:86:2A:37:4A:36:8D:C7:5E:C1:C5:59:A9:BB:87:EE:7B:CF,C2:57:95:78:39:B7:14:7B:76:08:9B:EB:58:99:30:FB:E4:1D:3E:7B:D4:F6:C2:F0:35:F3:FE:82:7D:6B:27:FA
398,blkget.com,660405057FCADCE2CC7B6F283560C723ABDB7B2E,D5:80:BD:48:35:84:98:C9:0F:4A:B8:97:E1:F0:A9:86:2A:37:4A:36:8D:C7:5E:C1:C5:59:A9:BB:87:EE:7B:CF,C2:57:95:78:39:B7:14:7B:76:08:9B:EB:58:99:30:FB:E4:1D:3E:7B:D4:F6:C2:F0:35:F3:FE:82:7D:6B:27:FA
494,kooora.com,3BADB3EFFB87534736BFAC9A2024AB78401BDBC3,29:20:09:EE:C1:0D:A7:12:FF:5C:71:34:0A:E4:70:90:3C:33:15:89:83:FB:85:B9:D4:2D:F4:94:D1:80:D2:C1,73:66:5F:0F:7D:FB:12:B3:17:85:87:60:07:4B:B7:A4:A4:4B:D2:F8:D8:BC:5E:1E:5E:DA:92:D5:47:C5:FE:B0
494,kooora.com,69620419A3D0077272B2EA3952A1F46880FDFAE5,29:20:09:EE:C1:0D:A7:12:FF:5C:71:34:0A:E4:70:90:3C:33:15:89:83:FB:85:B9:D4:2D:F4:94:D1:80:D2:C1,73:66:5F:0F:7D:FB:12:B3:17:85:87:60:07:4B:B7:A4:A4:4B:D2:F8:D8:BC:5E:1E:5E:DA:92:D5:47:C5:FE:B0
494,kooora.com,21804DD9B61878F7C22B5279269B36A6C04199D8,29:20:09:EE:C1:0D:A7:12:FF:5C:71:34:0A:E4:70:90:3C:33:15:89:83:FB:85:B9:D4:2D:F4:94:D1:80:D2:C1,73:66:5F:0F:7D:FB:12:B3:17:85:87:60:07:4B:B7:A4:A4:4B:D2:F8:D8:BC:5E:1E:5E:DA:92:D5:47:C5:FE:B0
494,kooora.com,2D25F8FE854CDE2DE586F1D2BE610A356BC3BFEA,29:20:09:EE:C1:0D:A7:12:FF:5C:71:34:0A:E4:70:90:3C:33:15:89:83:FB:85:B9:D4:2D:F4:94:D1:80:D2:C1,73:66:5F:0F:7D:FB:12:B3:17:85:87:60:07:4B:B7:A4:A4:4B:D2:F8:D8:BC:5E:1E:5E:DA:92:D5:47:C5:FE:B0
494,kooora.com,5CF975A445181F803B000262765FC9EBE0F42354,29:20:09:EE:C1:0D:A7:12:FF:5C:71:34:0A:E4:70:90:3C:33:15:89:83:FB:85:B9:D4:2D:F4:94:D1:80:D2:C1,73:66:5F:0F:7D:FB:12:B3:17:85:87:60:07:4B:B7:A4:A4:4B:D2:F8:D8:BC:5E:1E:5E:DA:92:D5:47:C5:FE:B0
494,kooora.com,9556C2C62CA9A9A296C049BA7BDC10ABD3FF0170,29:20:09:EE:C1:0D:A7:12:FF:5C:71:34:0A:E4:70:90:3C:33:15:89:83:FB:85:B9:D4:2D:F4:94:D1:80:D2:C1,73:66:5F:0F:7D:FB:12:B3:17:85:87:60:07:4B:B7:A4:A4:4B:D2:F8:D8:BC:5E:1E:5E:DA:92:D5:47:C5:FE:B0
398,blkget.com,4FB8C28667F785C9CC98BF7317C76DAEC8072E6F,D5:80:BD:48:35:84:98:C9:0F:4A:B8:97:E1:F0:A9:86:2A:37:4A:36:8D:C7:5E:C1:C5:59:A9:BB:87:EE:7B:CF,C2:57:95:78:39:B7:14:7B:76:08:9B:EB:58:99:30:FB:E4:1D:3E:7B:D4:F6:C2:F0:35:F3:FE:82:7D:6B:27:FA
398,blkget.com,84D361B736A8CD1E8818D0FC186892E91AB76881,D5:80:BD:48:35:84:98:C9:0F:4A:B8:97:E1:F0:A9:86:2A:37:4A:36:8D:C7:5E:C1:C5:59:A9:BB:87:EE:7B:CF,C2:57:95:78:39:B7:14:7B:76:08:9B:EB:58:99:30:FB:E4:1D:3E:7B:D4:F6:C2:F0:35:F3:FE:82:7D:6B:27:FA
583,so-net.ne.jp,49CCBF0B19664ADC220BDDEA2E78EB2A31D8063D,55:74:60:C5:E3:75:0E:74:DC:B5:4E:BD:0D:E8:96:3D:8E:A1:49:D2:7D:6E:16:73:57:EE:B1:C2:D8:9E:99:BA,49:D2:FB:32:8F:8D:57:42:8B:11:82:3F:4F:C4:90:A4:97:11:AD:A4:9F:5D:A5:1C:5A:FB:02:E5:D5:B1:F2:2C
398,blkget.com,B486925DC901969CCE2B371E93740CF98C30539D,D5:80:BD:48:35:84:98:C9:0F:4A:B8:97:E1:F0:A9:86:2A:37:4A:36:8D:C7:5E:C1:C5:59:A9:BB:87:EE:7B:CF,C2:57:95:78:39:B7:14:7B:76:08:9B:EB:58:99:30:FB:E4:1D:3E:7B:D4:F6:C2:F0:35:F3:FE:82:7D:6B:27:FA
494,kooora.com,3C93D3F6B5E07303A4964F6280614A86E098127D,29:20:09:EE:C1:0D:A7:12:FF:5C:71:34:0A:E4:70:90:3C:33:15:89:83:FB:85:B9:D4:2D:F4:94:D1:80:D2:C1,73:66:5F:0F:7D:FB:12:B3:17:85:87:60:07:4B:B7:A4:A4:4B:D2:F8:D8:BC:5E:1E:5E:DA:92:D5:47:C5:FE:B0
494,kooora.com,D7952C820DAEC851041D2023E35E40B5A607E20A,29:20:09:EE:C1:0D:A7:12:FF:5C:71:34:0A:E4:70:90:3C:33:15:89:83:FB:85:B9:D4:2D:F4:94:D1:80:D2:C1,73:66:5F:0F:7D:FB:12:B3:17:85:87:60:07:4B:B7:A4:A4:4B:D2:F8:D8:BC:5E:1E:5E:DA:92:D5:47:C5:FE:B0
583,so-net.ne.jp,4BC48E7AE7F6D14C49BF048E2F7AE734E8D9E0E7,55:74:60:C5:E3:75:0E:74:DC:B5:4E:BD:0D:E8:96:3D:8E:A1:49:D2:7D:6E:16:73:57:EE:B1:C2:D8:9E:99:BA,49:D2:FB:32:8F:8D:57:42:8B:11:82:3F:4F:C4:90:A4:97:11:AD:A4:9F:5D:A5:1C:5A:FB:02:E5:D5:B1:F2:2C
398,blkget.com,88F3D3ECF905C0121A38618F479905A6C806E4A7,D5:80:BD:48:35:84:98:C9:0F:4A:B8:97:E1:F0:A9:86:2A:37:4A:36:8D:C7:5E:C1:C5:59:A9:BB:87:EE:7B:CF,C2:57:95:78:39:B7:14:7B:76:08:9B:EB:58:99:30:FB:E4:1D:3E:7B:D4:F6:C2:F0:35:F3:FE:82:7D:6B:27:FA
583,so-net.ne.jp,8CB0C653FC180A0A4A3915EE1B92D205D90B248B,55:74:60:C5:E3:75:0E:74:DC:B5:4E:BD:0D:E8:96:3D:8E:A1:49:D2:7D:6E:16:73:57:EE:B1:C2:D8:9E:99:BA,D1:CA:FA:18:F6:EA:18:38:13:3B:DD:F5:C0:10:05:D3:4B:82:A9:6A:6A:61:89:F5:C5:90:86:2C:E1:38:CD:19
398,blkget.com,844424948F725136E100A6CEA311437F29B1F872,D5:80:BD:48:35:84:98:C9:0F:4A:B8:97:E1:F0:A9:86:2A:37:4A:36:8D:C7:5E:C1:C5:59:A9:BB:87:EE:7B:CF,C2:57:95:78:39:B7:14:7B:76:08:9B:EB:58:99:30:FB:E4:1D:3E:7B:D4:F6:C2:F0:35:F3:FE:82:7D:6B:27:FA
398,blkget.com,CDA2EA326E2272C57ACB26773D7252C211795B78,D5:80:BD:48:35:84:98:C9:0F:4A:B8:97:E1:F0:A9:86:2A:37:4A:36:8D:C7:5E:C1:C5:59:A9:BB:87:EE:7B:CF,C2:57:95:78:39:B7:14:7B:76:08:9B:EB:58:99:30:FB:E4:1D:3E:7B:D4:F6:C2:F0:35:F3:FE:82:7D:6B:27:FA
494,kooora.com,C6E6F2583F4A2512F735AD19ABCC5412D1073342,29:20:09:EE:C1:0D:A7:12:FF:5C:71:34:0A:E4:70:90:3C:33:15:89:83:FB:85:B9:D4:2D:F4:94:D1:80:D2:C1,73:66:5F:0F:7D:FB:12:B3:17:85:87:60:07:4B:B7:A4:A4:4B:D2:F8:D8:BC:5E:1E:5E:DA:92:D5:47:C5:FE:B0
583,so-net.ne.jp,B4F883DB3D478C7AE569C9F6CB766FD58650DC6A,55:74:60:C5:E3:75:0E:74:DC:B5:4E:BD:0D:E8:96:3D:8E:A1:49:D2:7D:6E:16:73:57:EE:B1:C2:D8:9E:99:BA,49:D2:FB:32:8F:8D:57:42:8B:11:82:3F:4F:C4:90:A4:97:11:AD:A4:9F:5D:A5:1C:5A:FB:02:E5:D5:B1:F2:2C
899,fanfiction.net,3DE567C1350C0E858C6147AECB06EA9B3EAF3261,C2:57:95:78:39:B7:14:7B:76:08:9B:EB:58:99:30:FB:E4:1D:3E:7B:D4:F6:C2:F0:35:F3:FE:82:7D:6B:27:FA,D5:80:BD:48:35:84:98:C9:0F:4A:B8:97:E1:F0:A9:86:2A:37:4A:36:8D:C7:5E:C1:C5:59:A9:BB:87:EE:7B:CF
899,fanfiction.net,37103DBFAB22FF01E9F6C0086A1BE3305BF9747D,C2:57:95:78:39:B7:14:7B:76:08:9B:EB:58:99:30:FB:E4:1D:3E:7B:D4:F6:C2:F0:35:F3:FE:82:7D:6B:27:FA,D5:80:BD:48:35:84:98:C9:0F:4A:B8:97:E1:F0:A9:86:2A:37:4A:36:8D:C7:5E:C1:C5:59:A9:BB:87:EE:7B:CF
398,blkget.com,8AC62E66301940EA5242C6721761988D63CBD705,D5:80:BD:48:35:84:98:C9:0F:4A:B8:97:E1:F0:A9:86:2A:37:4A:36:8D:C7:5E:C1:C5:59:A9:BB:87:EE:7B:CF,C2:57:95:78:39:B7:14:7B:76:08:9B:EB:58:99:30:FB:E4:1D:3E:7B:D4:F6:C2:F0:35:F3:FE:82:7D:6B:27:FA
899,fanfiction.net,4061C553CA88021B8302F0814365070AAE617270,C2:57:95:78:39:B7:14:7B:76:08:9B:EB:58:99:30:FB:E4:1D:3E:7B:D4:F6:C2:F0:35:F3:FE:82:7D:6B:27:FA,D5:80:BD:48:35:84:98:C9:0F:4A:B8:97:E1:F0:A9:86:2A:37:4A:36:8D:C7:5E:C1:C5:59:A9:BB:87:EE:7B:CF
398,blkget.com,01E80769F0739B5FE49BA0343E7F0249350A0BD6,D5:80:BD:48:35:84:98:C9:0F:4A:B8:97:E1:F0:A9:86:2A:37:4A:36:8D:C7:5E:C1:C5:59:A9:BB:87:EE:7B:CF,C2:57:95:78:39:B7:14:7B:76:08:9B:EB:58:99:30:FB:E4:1D:3E:7B:D4:F6:C2:F0:35:F3:FE:82:7D:6B:27:FA
398,blkget.com,92C4FE366853F3F67A7616A120A4569666C2B521,D5:80:BD:48:35:84:98:C9:0F:4A:B8:97:E1:F0:A9:86:2A:37:4A:36:8D:C7:5E:C1:C5:59:A9:BB:87:EE:7B:CF,C2:57:95:78:39:B7:14:7B:76:08:9B:EB:58:99:30:FB:E4:1D:3E:7B:D4:F6:C2:F0:35:F3:FE:82:7D:6B:27:FA
54,gmw.cn,C81F07D1015C2DF763173F38E49FC0DA45D9AF9F,C5:7D:0F:5D:FC:61:75:16:EF:D3:B9:46:5F:83:DE:4C:D1:59:72:A1:CC:55:E7:C1:35:5C:68:D9:AF:3D:90:65,7B:BD:CD:D8:EB:7D:99:F5:5F:EA:02:45:FC:08:B4:03:31:F8:90:54:6E:43:4E:7E:B4:22:6C:E3:A4:7C:43:C1
398,blkget.com,C585C035FD2A5A65C031F242D1D112629097AE7E,D5:80:BD:48:35:84:98:C9:0F:4A:B8:97:E1:F0:A9:86:2A:37:4A:36:8D:C7:5E:C1:C5:59:A9:BB:87:EE:7B:CF,C2:57:95:78:39:B7:14:7B:76:08:9B:EB:58:99:30:FB:E4:1D:3E:7B:D4:F6:C2:F0:35:F3:FE:82:7D:6B:27:FA
54,gmw.cn,39767A278F5CF60B5775D31DB5F390852451BAA4,C5:7D:0F:5D:FC:61:75:16:EF:D3:B9:46:5F:83:DE:4C:D1:59:72:A1:CC:55:E7:C1:35:5C:68:D9:AF:3D:90:65,7B:BD:CD:D8:EB:7D:99:F5:5F:EA:02:45:FC:08:B4:03:31:F8:90:54:6E:43:4E:7E:B4:22:6C:E3:A4:7C:43:C1
494,kooora.com,660405057FCADCE2CC7B6F283560C723ABDB7B2E,29:20:09:EE:C1:0D:A7:12:FF:5C:71:34:0A:E4:70:90:3C:33:15:89:83:FB:85:B9:D4:2D:F4:94:D1:80:D2:C1,73:66:5F:0F:7D:FB:12:B3:17:85:87:60:07:4B:B7:A4:A4:4B:D2:F8:D8:BC:5E:1E:5E:DA:92:D5:47:C5:FE:B0
494,kooora.com,844424948F725136E100A6CEA311437F29B1F872,29:20:09:EE:C1:0D:A7:12:FF:5C:71:34:0A:E4:70:90:3C:33:15:89:83:FB:85:B9:D4:2D:F4:94:D1:80:D2:C1,73:66:5F:0F:7D:FB:12:B3:17:85:87:60:07:4B:B7:A4:A4:4B:D2:F8:D8:BC:5E:1E:5E:DA:92:D5:47:C5:FE:B0
494,kooora.com,01E80769F0739B5FE49BA0343E7F0249350A0BD6,29:20:09:EE:C1:0D:A7:12:FF:5C:71:34:0A:E4:70:90:3C:33:15:89:83:FB:85:B9:D4:2D:F4:94:D1:80:D2:C1,73:66:5F:0F:7D:FB:12:B3:17:85:87:60:07:4B:B7:A4:A4:4B:D2:F8:D8:BC:5E:1E:5E:DA:92:D5:47:C5:FE:B0
398,blkget.com,20E0FDBBDAEDFE1C6EC0CFC476505C8331759833,D5:80:BD:48:35:84:98:C9:0F:4A:B8:97:E1:F0:A9:86:2A:37:4A:36:8D:C7:5E:C1:C5:59:A9:BB:87:EE:7B:CF,C2:57:95:78:39:B7:14:7B:76:08:9B:EB:58:99:30:FB:E4:1D:3E:7B:D4:F6:C2:F0:35:F3:FE:82:7D:6B:27:FA
54,gmw.cn,3B635F2F85B758375E55B55491B476AE69D6CEF0,C5:7D:0F:5D:FC:61:75:16:EF:D3:B9:46:5F:83:DE:4C:D1:59:72:A1:CC:55:E7:C1:35:5C:68:D9:AF:3D:90:65,7B:BD:CD:D8:EB:7D:99:F5:5F:EA:02:45:FC:08:B4:03:31:F8:90:54:6E:43:4E:7E:B4:22:6C:E3:A4:7C:43:C1
398,blkget.com,D5650185D35FC0110732CBA4E61EF2751EF76165,D5:80:BD:48:35:84:98:C9:0F:4A:B8:97:E1:F0:A9:86:2A:37:4A:36:8D:C7:5E:C1:C5:59:A9:BB:87:EE:7B:CF,C2:57:95:78:39:B7:14:7B:76:08:9B:EB:58:99:30:FB:E4:1D:3E:7B:D4:F6:C2:F0:35:F3:FE:82:7D:6B:27:FA
398,blkget.com,BBFAD201D1DD18E659BA8F5FCDDA6527B9D13244,D5:80:BD:48:35:84:98:C9:0F:4A:B8:97:E1:F0:A9:86:2A:37:4A:36:8D:C7:5E:C1:C5:59:A9:BB:87:EE:7B:CF,C2:57:95:78:39:B7:14:7B:76:08:9B:EB:58:99:30:FB:E4:1D:3E:7B:D4:F6:C2:F0:35:F3:FE:82:7D:6B:27:FA
398,blkget.com,B0279A521375F3CB2AE210BDBFC645FDD2E1973A,D5:80:BD:48:35:84:98:C9:0F:4A:B8:97:E1:F0:A9:86:2A:37:4A:36:8D:C7:5E:C1:C5:59:A9:BB:87:EE:7B:CF,C2:57:95:78:39:B7:14:7B:76:08:9B:EB:58:99:30:FB:E4:1D:3E:7B:D4:F6:C2:F0:35:F3:FE:82:7D:6B:27:FA
583,so-net.ne.jp,844424948F725136E100A6CEA311437F29B1F872,55:74:60:C5:E3:75:0E:74:DC:B5:4E:BD:0D:E8:96:3D:8E:A1:49:D2:7D:6E:16:73:57:EE:B1:C2:D8:9E:99:BA,89:EA:3B:39:0B:A9:19:27:36:44:41:9A:A4:28:4F:D4:85:B2:C5:59:84:D8:DD:78:E3:53:50:2B:35:01:0E:A0
398,blkget.com,9EAD5B2D3DBD96DBC80DCE423B0C345E920A758D,D5:80:BD:48:35:84:98:C9:0F:4A:B8:97:E1:F0:A9:86:2A:37:4A:36:8D:C7:5E:C1:C5:59:A9:BB:87:EE:7B:CF,C2:57:95:78:39:B7:14:7B:76:08:9B:EB:58:99:30:FB:E4:1D:3E:7B:D4:F6:C2:F0:35:F3:FE:82:7D:6B:27:FA
398,blkget.com,95DD2A9D6D4D9DE943A83A1926FF861DFD26A57B,D5:80:BD:48:35:84:98:C9:0F:4A:B8:97:E1:F0:A9:86:2A:37:4A:36:8D:C7:5E:C1:C5:59:A9:BB:87:EE:7B:CF,C2:57:95:78:39:B7:14:7B:76:08:9B:EB:58:99:30:FB:E4:1D:3E:7B:D4:F6:C2:F0:35:F3:FE:82:7D:6B:27:FA
583,so-net.ne.jp,46472C16B65B17831B4ED1B9C285788597E51C4C,55:74:60:C5:E3:75:0E:74:DC:B5:4E:BD:0D:E8:96:3D:8E:A1:49:D2:7D:6E:16:73:57:EE:B1:C2:D8:9E:99:BA,49:D2:FB:32:8F:8D:57:42:8B:11:82:3F:4F:C4:90:A4:97:11:AD:A4:9F:5D:A5:1C:5A:FB:02:E5:D5:B1:F2:2C
494,kooora.com,27CE487BABE6C2128FB2D1A801C7CB715B48EC6B,29:20:09:EE:C1:0D:A7:12:FF:5C:71:34:0A:E4:70:90:3C:33:15:89:83:FB:85:B9:D4:2D:F4:94:D1:80:D2:C1,73:66:5F:0F:7D:FB:12:B3:17:85:87:60:07:4B:B7:A4:A4:4B:D2:F8:D8:BC:5E:1E:5E:DA:92:D5:47:C5:FE:B0
